ID,JudulBuku,Penulis,Penerbit,JumlahHalaman,Genre,TahunTerbit,ISBN,Stok,TanggalMasuk,Ketersediaan,Deskripsi,TotalDipinjam,
B001,Python Dasar,Andi Wijaya,Informatika,250,Komputer,2020,9.78602E+12,3,1/15/2023,Tersedia,Buku pemrograman Python untuk pemula.,0,
B002,Laskar Pelangi,Andrea Hirata,Bentang Pustaka,529,Fiksi,2005,9.78979E+12,5,2/10/2023,Tersedia,Novel inspiratif berlatar Belitung.,0,
B003,Bumi Manusia,Pramoedya Ananta Toer,Hasta Mitra,535,Fiksi Sejarah,1980,9.7898E+12,4,3/20/2023,Tersedia,Bagian pertama dari Tetralogi Buru,0,
B004,Cantik Itu Luka,Eka Kurniawan,Gramedia Pustaka Utama,537,Fiksi Sastra,2002,9.78602E+12,2,4/5/2023,Tersedia,Kisah epik keluarga dengan latar sejarah Indonesia.,0,
B005,Filosofi Teras,Henry Manampiring,Penerbit Buku Kompas,346,Self-help/Filsafat,2018,9.78602E+12,7,5/11/2023,Tersedia,Pengantar filsafat Stoisisme untuk kehidupan modern.,0,
B006,Sapiens: Riwayat Singkat Umat Manusia,Yuval Noah Harari,KPG (Kepustakaan Populer Gramedia),512,Sejarah/Antropologi,2011,9.78602E+12,3,6/22/2023,Tersedia,Penjelajahan sejarah umat manusia dari zaman batu hingga kini.,0,
B007,Atomic Habits,James Clear,Gramedia Pustaka Utama,320,Self-help/Pengembangan Diri,2018,9.78602E+12,6,7/19/2023,Tersedia,Panduan membangun kebiasaan baik dan menghilangkan kebiasaan buruk.,0,
B008,Pulang,Tere Liye,Republika Penerbit,400,Fiksi Petualangan,2015,9.78602E+12,4,8/1/2023,Tersedia,Kisah petualangan seorang anak dari pedalaman Sumatera.,0,
B009,Laut Bercerita,Leila S. Chudori,KPG (Kepustakaan Populer Gramedia),379,Fiksi Sejarah,2017,9.78602E+12,3,9/14/2023,Tersedia,Novel yang mengangkat kisah aktivis mahasiswa di era Orde Baru.,0,
B010,Gadis Kretek,Ratih Kumala,Gramedia Pustaka Utama,274,Fiksi Sejarah,2012,9.78979E+12,5,10/25/2023,Tersedia,Kisah cinta dan industri kretek di Indonesia pada masa lalu.,0,
B011,Jejak Langkah di Pasir Waktu,Rendra Sanjaya,Pustaka Imaji,320,Petualangan,2019,9.78602E+12,8,1/5/2024,Tersedia,Perjalanan epik melintasi gurun legendaris.,0,
B012,Rahasia Bintang Kejora,Ayu Lestari,Cahaya Pena,280,Fantasi,2021,9.78602E+12,5,1/12/2024,Tersedia,Kisah seorang gadis dengan kekuatan magis tersembunyi.,0,
B013,Memasak Mudah Sehari-hari,Chef Budi,Dapur Kita,150,Kuliner,2022,9.78602E+12,12,1/19/2024,Tersedia,Kumpulan resep praktis untuk keluarga.,0,
B014,Kode Biru Sang Programmer,Diana Putri,Logika Media,450,Teknologi,2020,9.78602E+12,3,1/26/2024,Tersedia,Novel tentang dunia startup dan peretasan.,0,
B015,Taman Bunga di Lembah Sunyi,Indah Permata,Pelangi Kata,210,Romansa,2023,9.78602E+12,6,2/2/2024,Tersedia,Kisah cinta yang tumbuh di tempat tak terduga.,0,
B016,Sejarah Kerajaan Nusantara Kuno,Prof. Agus Salim,Arsip Bangsa,600,Sejarah,2018,9.78602E+12,2,2/9/2024,Tersedia,Penelitian mendalam tentang kerajaan-kerajaan di Indonesia.,0,
B017,Misteri Rumah Tua di Ujung Jalan,Robby Kencana,Jejak Misteri,300,Horor,2022,9.78602E+12,0,2/16/2024,Kosong,Teror supranatural menghantui sebuah rumah kosong.,0,
B018,Belajar Bahasa Jepang Praktis,Kenji Tanaka,Sakura Press,180,Bahasa,2021,9.78602E+12,9,2/23/2024,Tersedia,Panduan cepat menguasai percakapan bahasa Jepang.,0,
B019,Ekonomi Makro Untuk Pemula,Dr. Siti Aminah,Kampus Ilmu,350,Ekonomi,2019,9.78602E+12,4,3/1/2024,Tersedia,Konsep dasar ekonomi makro yang mudah dipahami.,0,
B020,Anak Pemberani dari Desa Naga,Bambang Perkasa,Dongeng Nusantara,120,Anak,2023,9.78602E+12,10,3/8/2024,Tersedia,Cerita anak tentang keberanian dan persahabatan.,0,
B021,Revolusi Digital dan Masa Depan,Doni Setiawan,Era Baru Publishing,420,Sains Populer,2022,9.78602E+12,5,3/15/2024,Tersedia,Analisis dampak teknologi pada masyarakat.,0,
B022,Ketika Senja Menyapa Jakarta,Clara Adinda,Metro Fiksi,290,Fiksi Urban,2021,9.78602E+12,7,3/22/2024,Tersedia,Potret kehidupan dan cinta di kota metropolitan.,0,
B023,Panduan Investasi Saham Cerdas,Rian Wijaya,Modal Cerdas,260,Bisnis/Investasi,2023,9.78602E+12,11,3/29/2024,Tersedia,Strategi investasi untuk investor pemula dan menengah.,0,
B024,Biografi Pahlawan Kemerdekaan,Tim Sejarawan,Jasa Pahlawan,550,Biografi,2017,9.78602E+12,3,4/5/2024,Tersedia,Kumpulan kisah hidup para pejuang kemerdekaan Indonesia.,0,
B025,Syair Rindu di Tepi Pantai,Elina Sari,Nada Puitis,90,Puisi,2024,9.78602E+12,8,4/12/2024,Tersedia,Kumpulan puisi tentang cinta,0, dan harapan.
B026,Jaringan Neural Tiruan,Dr. Elara Vance,Pustaka Cyber,450,teknologi,2024,9.78316E+12,12,5/15/2024,Tersedia,Dasar-dasar dan implementasi Jaringan Neural Tiruan terkini.,0,
]3-11-20,Tersedia,Sekelompok remaja terjebak dalam hotel angker penuh rahasia kelam.,,,,,,,,,,0,
B028,Operasi Matahari Merah,Rex Thunder,Aksara Laga,320,aksi,2025,9.78235E+12,15,1/10/2025,Tersedia,Misi berbahaya seorang agen rahasia untuk menghentikan konspirasi global.,0,
B029,Negeri Awan Kristal,Lyra Snow,Imaji Fantasia,510,fantasi,2022,9.78346E+12,9,8/3/2022,Tersedia,Petualangan epik di dunia sihir dengan naga dan artefak kuno.,0,
B030,Tertawa Sampai Pagi,Koko Wijaya,Gelak Tawa Press,180,comedi,2024,9.78457E+12,22,3/1/2024,Tersedia,Kumpulan cerita pendek lucu dan absurd tentang kehidupan sehari-hari.,0,
B031,Ritual Berdarah Dingin,Vargo Corpse,Nokturnal Books,220,gore,2023,9.78568E+12,4,9/25/2023,Tersedia,Detail mengerikan dari serangkaian pembunuhan ritualistik yang brutal.,0,
B032,Senandung Cinta di Kafe Senja,Clara Belle,Melodi Hati,260,romantis,2025,9.78679E+12,18,2/14/2025,Tersedia,Kisah cinta dua jiwa yang bertemu tak sengaja di sebuah kafe kecil.,0,
B033,Koloni Antariksa Kepler-186f,Dr. Aris Nova,Galaksi Pustaka,390,scifi,2024,9.78789E+12,11,4/22/2024,Tersedia,Perjuangan umat manusia membangun peradaban baru di planet asing.,0,
B034,Secangkir Teh dan Obrolan Pagi,Hana Yulia,Jendela Kehidupan,210,slice of life,2023,9.7889E+12,14,6/17/2023,Tersedia,Potongan-potongan momen sederhana namun bermakna dari kehidupan seorang barista.,0,
B035,Panggung Sandiwara Kehidupan,Andra Pratama,Tirai Pustaka,330,drama,2022,9.78901E+12,6,12/5/2022,Tersedia,"Intrik keluarga, pengkhianatan, dan pencarian jati diri seorang pewaris.",0,
B036,Labirin Pikiran Alex,Dr. Evelyn Reed,Mind Matters Publishing,300,psikological,2024,9.78012E+12,8,2/28/2024,Tersedia,Perjalanan seorang pasien amnesia mengungkap trauma masa lalu yang kompleks.,0,
B037,Kecerdasan Buatan Lanjutan,Prof. Budi Santoso,Tekno Press,520,teknologi,2025,9.78159E+12,10,3/19/2025,Tersedia,"Pembahasan mendalam tentang machine learning, deep learning, dan AI generatif.",0,
B038,Hantu Tanpa Wajah,Adhitama Graveyard,Pena Gelap,250,horor,2022,9.78247E+12,5,7/14/2022,Tersedia,Teror arwah penasaran yang mencari korban di sebuah asrama tua.,0,
B039,Serbuan Fajar Menyingsing,Marco Blade,Combat Books,350,aksi,2024,9.78369E+12,17,1/30/2024,Tersedia,Pasukan khusus melawan kartel narkoba di perbatasan yang berbahaya.,0,
B040,Mahkota Peri Es,Elara Moonwish,Dunia Ajaib,480,fantasi,2023,9.78483E+12,10,10/3/2023,Tersedia,Perebutan mahkota ajaib yang menentukan nasib kerajaan peri.,0,
B041,Lawak Zaman Now,Udin Cengengesan,Humor Kita,160,comedi,2025,9.78596E+12,20,4/1/2025,Tersedia,Kumpulan stand-up comedy dan sketsa satir tentang tren viral.,0,
B042,Museum Daging Manusia,Goryeo Nightshade,Obscura Press,200,gore,2022,9.78609E+12,3,5/29/2022,Tersedia,Investigasi seorang detektif pada kasus mutilasi yang mengarah ke kolektor mengerikan.,0,
B043,Surat Cinta Untuk Langit,Aurora Bintang,Kata Hati Pustaka,230,romantis,2024,9.78713E+12,16,5/5/2024,Tersedia,Korespondensi romantis antara seorang pelukis dan astronom yang tak pernah bertemu.,0,
B044,Penjelajah Dimensi X,Kapten Orion,Quantum Publishing,410,scifi,2023,9.78826E+12,9,8/18/2023,Tersedia,Petualangan tim ilmuwan menembus portal ke dimensi lain yang aneh.,0,
B045,Warung Kopi Pak Budi,Sari Puspita,Cerita Sehari-hari,190,slice of life,2025,9.7894E+12,13,1/5/2025,Tersedia,Kisah-kisah hangat dan lucu dari para pelanggan tetap sebuah warung kopi.,0,
B046,Air Mata Ibu Pertiwi,Dewangga Putra,Sajak Bangsa,310,drama,2022,9.78053E+12,7,10/27/2022,Tersedia,Drama keluarga yang berlatar belakang peristiwa sejarah penting Indonesia.,0,
B047,Bayang-Bayang Kepribadian Ganda,Dr. Kenzo Tanaka,Psyche Books,290,psikological,2024,9.78166E+12,10,3/11/2024,Tersedia,Studi kasus mendalam tentang seseorang dengan Dissociative Identity Disorder.,0,
B048,Pemrograman Kuantum Praktis,Dr. Anya Sharma,Inovasi Digital,490,teknologi,2023,9.7828E+12,6,7/7/2023,Tersedia,Pengenalan dan contoh aplikasi komputer kuantum untuk non-fisikawan.,0,
B049,Jeritan di Malam Buta,Nyx Terror,Malam Seram Press,265,horor,2025,9.78393E+12,11,2/22/2025,Tersedia,Legenda urban tentang makhluk malam yang meneror sebuah desa terpencil.,0,
B050,Pembalasan Sang Elang Hitam,Leo Hunter,Adrenalin Books,340,aksi,2022,9.78406E+12,14,9/9/2022,Tersedia,Seorang mantan tentara bayaran memburu orang-orang yang mengkhianatinya.,0,
B051,Kerajaan Elf di Hutan Larangan,Silvanus Silverwood,Elven Chronicles,520,fantasi,2024,9.78519E+12,12,1/18/2024,Tersedia,Kisah perebutan takhta dan sihir kuno di antara bangsa elf.,0,
B052,Kumpulan Lelucon Pak RT,Cak Slamet,Guyonan Desa,150,comedi,2023,9.78633E+12,19,7/22/2023,Tersedia,Humor khas pedesaan yang mengocok perut dari pengalaman seorang RT.,0,
B053,Darah di Atas Kanvas,Victor Morte,Galeri Noda,240,gore,2025,9.78746E+12,6,3/3/2025,Tersedia,Seorang pelukis psikopat menggunakan darah korbannya sebagai medium seni.,0,
B054,Janji Hati di Bawah Purnama,Luna Kasih,Romansa Abadi,275,romantis,2022,9.78859E+12,14,11/30/2022,Tersedia,"Dua hati yang terpisah oleh takdir, bersatu kembali di malam purnama.",0,
B055,Armada Bintang Jatuh,Navigator Xenon,Kosmik Saga,430,scifi,2024,9.78973E+12,9,4/11/2024,Tersedia,Peperangan antargalaksi untuk memperebutkan sumber energi terakhir di alam semesta.,0,
B056,Catatan Harian Kedai Kopi Pelangi,Rina Amelia,Harmoni Pagi,200,slice of life,2023,9.78086E+12,16,5/9/2023,Tersedia,Kisah-kisah kecil penuh kehangatan dari interaksi pemilik kedai kopi dan pelanggannya.,0,
B057,Tirai Besi Keluarga Adidharma,Raditya Sastra,Dinasti Pustaka,360,drama,2025,9.782E+12,7,2/1/2025,Tersedia,Konflik internal keluarga konglomerat yang penuh intrik dan rahasia.,0,
B058,Sindrom Identitas Terpecah,Dr. Riana Alamsyah,Jurnal Jiwa,310,psikological,2022,9.78213E+12,10,8/25/2022,Tersedia,Analisis kasus seorang pasien dengan banyak kepribadian yang saling bertentangan.,0,
B059,Etika Kecerdasan Artifisial,Prof. Halim Wijaya,Forum AI,400,teknologi,2024,9.78326E+12,13,3/28/2024,Tersedia,Dilema moral dan etika dalam pengembangan kecerdasan buatan tingkat lanjut.,0,
B060,Apartemen Nomor 13,Dimas Angkara,Lantai Terkutuk,270,horor,2023,9.7844E+12,5,10/12/2023,Tersedia,Penghuni baru sebuah apartemen diganggu oleh entitas gaib yang kejam.,0,
B061,Misi Penyelamatan Presiden,Kapten Baja,Serbu Kilat Press,330,aksi,2025,9.78553E+12,18,4/20/2025,Tersedia,Sebuah tim elit berpacu dengan waktu untuk menyelamatkan presiden dari penculikan teroris.,0,
B062,Pedang Naga Kembar,Aria Windrider,Legenda Fantastika,490,fantasi,2022,9.78666E+12,11,6/6/2022,Tersedia,Dua saudara kembar terpilih untuk menemukan pedang pusaka guna mengalahkan tiran jahat.,0,
B063,Sekolah Paling Kocak Sedunia,Joni Garing,Tawa Ceria Publishing,170,comedi,2024,9.7878E+12,21,1/2/2024,Tersedia,Kekonyolan guru dan murid di sekolah yang semua aturannya aneh.,0,
B064,Pesta Topeng Berdarah,Silas Nightfall,Crimson Tales,210,gore,2023,9.78893E+12,0,4/19/2023,Kosong,Sebuah pesta topeng mewah berubah menjadi ajang pembantaian brutal.,0,
B065,Cinta Pertama di Musim Sakura,Hana Aiko,Kisah Bunga,250,romantis,2025,9.78906E+12,15,3/15/2025,Tersedia,Romansa manis antara pelajar pertukaran dan gadis lokal di bawah mekarnya bunga sakura.,0,
B066,Planet Para Robot Pemberontak,Cyrax Prime,Logam Pustaka,450,scifi,2022,9.7802E+12,8,12/12/2022,Tersedia,Masa depan di mana robot dengan kesadaran memberontak melawan pencipta manusia mereka.,0,
B067,Warung Nasi Ibu Sumi,Adi Setiawan,Cerita Rakyat Urban,180,slice of life,2024,9.78133E+12,17,5/25/2024,Tersedia,Kehidupan sehari-hari para pedagang dan pembeli di sekitar warung nasi legendaris.,0,
B068,Rahasia Gelap Sang Politikus,Marcus Integrity,Panggung Belakang,380,drama,2023,9.78246E+12,6,9/3/2023,Tersedia,Terungkapnya skandal korupsi dan permainan kotor seorang politikus ternama.,0,
B069,Terapi Mimpi Buruk,Dr. Alan Spectra,Alam Bawah Sadar Press,300,psikological,2025,9.7836E+12,9,1/24/2025,Tersedia,Seorang terapis membantu pasien mengatasi mimpi buruk berulang yang mengancam kewarasannya.,0,
B070,Revolusi Bio-informatika,Dr. Liana Genom,Sains Masa Depan,420,teknologi,2022,9.78473E+12,12,7/1/2022,Tersedia,Peran bio-informatika dalam memecahkan misteri genetika dan pengembangan obat.,0,
B071,Desa Penari Ular,Maya Sari,Klenik Nusantara,290,horor,2024,9.78586E+12,4,2/15/2024,Tersedia,Tim peneliti budaya tersesat di desa terpencil dengan ritual pemujaan ular yang mengerikan.,0,
B072,Kejar Tayang Misi Mustahil,Alex Viper,Laga Cepat,310,aksi,2023,9.787E+12,16,6/29/2023,Tersedia,Seorang kurir khusus harus mengantarkan paket rahasia melewati berbagai rintangan mematikan.,0,
B073,Gerbang Dunia Bawah Tanah,Raka Shadowhand,Petualang Gelap,500,fantasi,2025,9.78713E+12,10,5/1/2025,Tersedia,Pencarian gerbang mitos yang menghubungkan dunia manusia dengan dunia makhluk gaib.,0,
B074,Klub Komedi Anti Galau,Budi Ceria,Senyum Manis Publishing,190,comedi,2022,9.78826E+12,20,10/10/2022,Tersedia,Usaha sekelompok orang membangun klub komedi untuk menyebarkan tawa di kota mereka.,0,
B075,Kolektor Bagian Tubuh,Mortis Cutter,Graveyard Press,230,gore,2024,9.7894E+12,2,4/4/2024,Tersedia,Detektif veteran memburu pembunuh berantai yang mengoleksi bagian tubuh korbannya.,0,
B076,Cinta Bersemi di Kebun Teh,Rani Puspita,Lembah Asmara,260,romantis,2023,9.78043E+12,18,11/8/2023,Tersedia,Kisah asmara antara pemilik kebun teh dan seorang turis yang tersesat.,0,
B077,Invasi Robot dari Mars,Jenderal Zorg,Planet Merah Press,440,scifi,2025,9.78157E+12,10,2/19/2025,Tersedia,Bumi diserang oleh pasukan robot canggih dari planet Mars.,0,
B078,Diari Seorang Penjaga Mercusuar,Pak Tua Samudra,Cahaya Pantai,205,slice of life,2022,9.78269E+12,15,6/14/2022,Tersedia,Renungan dan kisah sehari-hari seorang penjaga mercusuar di pulau terpencil.,0,
B079,Kutukan Keluarga Bangsawan,Lady Victoria,Manor Kelam,370,drama,2024,9.78382E+12,7,1/7/2024,Tersedia,Sebuah kutukan turun-temurun menghantui keluarga bangsawan kaya raya.,0,
B080,Memahami Alam Pikiran Kucing,Dr. Meowgaret Catson,Felidae Pustaka,315,psikological,2023,9.78496E+12,11,8/1/2023,Tersedia,Penelitian ilmiah dan observasi tentang perilaku dan psikologi kucing domestik.,0,
B081,Blockchain dan Mata Uang Kripto,Alex Crypto,Dunia Digital,390,teknologi,2025,9.78509E+12,14,4/15/2025,Tersedia,Panduan lengkap memahami teknologi blockchain dan investasi mata uang kripto.,0,
B082,Rumah Sakit Jiwa Terlantar,Dr. Insanus,Koridor Gila,275,horor,2022,9.78622E+12,6,10/2/2022,Tersedia,Sekelompok mahasiswa kedokteran melakukan uji nyali di rumah sakit jiwa angker.,0,
B083,Operasi Penyelundupan Berlian,"Silas ""Diamond"" Drake",Jaringan Gelap,325,aksi,2024,9.78736E+12,19,5/28/2024,Tersedia,Mantan pencuri ulung direkrut untuk misi berbahaya mencuri kembali berlian langka.,0,
B084,Negeri Para Penyihir Angin,Aerion Stormcaller,Sihir Elemental,530,fantasi,2023,9.78849E+12,9,3/12/2023,Tersedia,Perjalanan seorang pemuda menemukan bakat sihir anginnya di negeri ajaib.,0,
B085,Sitkom Kantor Paling Rusuh,Manager Edan,Chaos Corp Publishing,175,comedi,2025,9.78962E+12,23,1/29/2025,Tersedia,Kumpulan sketsa komedi tentang kekacauan sehari-hari di sebuah kantor.,0,
B086,Jagal dari Distrik Merah,Blade X,Distopia Press,215,gore,2022,9.78076E+12,0,11/11/2022,Kosong,Kisah mengerikan seorang pembunuh berantai yang meneror distrik kumuh.,0,
B087,Melodi Cinta Tak Terucap,Leo Nada,Harmoni Jiwa,265,romantis,2024,9.78189E+12,17,2/21/2024,Tersedia,Cinta platonis yang mendalam antara seorang komposer dan penyanyi opera.,0,
B088,Perang Bintang Abad Ke-25,Laksamana Nova Starfire,Federasi Galaktika,460,scifi,2023,9.78202E+12,12,9/16/2023,Tersedia,Konflik epik antara Federasi Bumi dan Kekaisaran Krull di masa depan.,0,
B089,Surat Dari Perantauan,Anak Desa,Kenangan Kampung,195,slice of life,2025,9.78316E+12,16,3/23/2025,Tersedia,Kumpulan surat seorang perantau yang merindukan kampung halamannya.,0,
B090,Mahligai Pernikahan Berdarah,Ratu Isabella,Istana Duka,350,drama,2022,9.78429E+12,5,7/28/2022,Tersedia,Pernikahan politik yang berakhir tragis dengan pembunuhan dan perebutan kekuasaan.,0,
B091,Eksperimen Telepati Gagal,Dr. Mindbender,Lab Rahasia,305,psikological,2024,9.78542E+12,8,4/3/2024,Tersedia,Sebuah eksperimen telepati yang salah mengakibatkan konsekuensi mengerikan.,0,
B092,Komputasi Awan Skala Besar,Prof. Cloudia Data,Mega Server Press,410,teknologi,2023,9.78656E+12,13,6/5/2023,Tersedia,Arsitektur dan manajemen sistem komputasi awan untuk perusahaan besar.,0,
B093,Boneka Arwah Penunggu Loteng,Lila Creepy,Rumah Hantu Publishing,285,horor,2025,9.78769E+12,10,5/10/2025,Tersedia,Sebuah keluarga baru pindah ke rumah yang lotengnya dihuni boneka berarwah jahat.,0,
B094,Pemburu Artefak Kuno,Dr. Indiana Jonesy,Petualang Dunia,335,aksi,2022,9.78882E+12,20,8/11/2022,Tersedia,Arkeolog pemberani mencari artefak legendaris yang diincar organisasi jahat.,0,
B095,Akademi Penyihir Cahaya dan Kegelapan,Merlin Shadowcaster,Grimoire Ajaib,540,fantasi,2024,9.78996E+12,11,2/8/2024,Tersedia,Persaingan dan persahabatan di akademi sihir yang melatih penyihir dari dua aliran.,0,
B096,Salah Sambung Paling Gokil,Tele Poni,Operator Kocak,165,comedi,2023,9.78009E+12,25,10/24/2023,Tersedia,Kumpulan percakapan telepon salah sambung yang berujung komedi.,0,
B097,Ruang Autopsi Nomor 4,Dr. Carver,Forensik Files,225,gore,2025,9.78122E+12,4,4/29/2025,Tersedia,Catatan seorang ahli forensik dalam memecahkan kasus pembunuhan dari meja autopsi.,0,
B098,Cinta Segitiga di Kota Metropolitan,Vania Urban,Gemerlap Kota,270,romantis,2022,9.78236E+12,17,9/19/2022,Tersedia,Kisah cinta rumit antara tiga sahabat yang tinggal di kota besar.,0,
B099,Serangan Alien Hibrida,Komandan Sky,Pertahanan Bumi,470,scifi,2024,9.78349E+12,9,1/14/2024,Tersedia,Invasi alien yang menggunakan teknologi hibrida untuk menaklukkan Bumi.,0,
B100,Secarik Kertas dari Masa Lalu,Nenek Laila,Album Kenangan,185,slice of life,2023,9.78462E+12,16,7/1/2023,Tersedia,Penemuan secarik kertas tua mengungkap kisah cinta terpendam dari masa muda seorang nenek.,0,
B101,Prahara di Istana Kristal,Putri Aurora,Saga Kerajaan,360,drama,2025,9.78576E+12,6,3/9/2025,Tersedia,Perebutan kekuasaan dan pengkhianatan di balik kemegahan istana kristal.,0,
B102,Jejak Kaki di Bulan Europa,Dr. Titan Explorer,Ekspedisi Antariksa,320,psikological,2023,9.78689E+12,9,10/17/2023,Tersedia,Seorang astronot mengalami isolasi ekstrem dan mempertanyakan realitas di bulan Jupiter.,0,
B103,Robotika Sosial Interaktif,Prof. Andro Cyber,Masa Depan Cerdas,415,teknologi,2024,9.78702E+12,12,4/25/2024,Tersedia,Pengembangan robot yang mampu berinteraksi secara emosional dan sosial dengan manusia.,0,
B104,Vila Mawar Berhantu,Casper Ghostly,Rumah Penerbit Seram,295,horor,2022,9.78816E+12,7,8/28/2022,Tersedia,Pasangan muda membeli vila impian yang ternyata dihuni arwah penasaran pemilik sebelumnya.,0,
B105,Tim Pemburu Harta Karun Naga,Kapten Gold Digger,Peta Petualangan,345,aksi,2025,9.78929E+12,17,1/3/2025,Tersedia,Sekelompok pemburu harta karun bertaruh nyawa mencari emas peninggalan naga kuno.,0,
B106,Dunia Permen Pelangi,Lila Sweet,Fantasi Manis,495,fantasi,2023,9.78042E+12,10,5/2/2023,Tersedia,Petualangan seorang anak di dunia ajaib yang terbuat dari permen dan kue.,0,
B107,Calon Mantu Paling Konyol,Dadang Sutisna,Keluarga Ceria,180,comedi,2024,9.78156E+12,21,2/11/2024,Tersedia,Usaha seorang pemuda merebut hati calon mertua dengan cara-cara yang absurd.,0,
B108,Kamar Operasi Tanpa Anestesi,Dr. Slasher,Rekam Medis Brutal,235,gore,2022,9.78269E+12,4,11/4/2022,Tersedia,Kisah nyata (fiksi) seorang ahli bedah gila yang melakukan eksperimen sadis pada pasiennya.,0,
B109,Rhapsody Cinta Musim Gugur,Serena Melody,Nada Romantis,270,romantis,2025,9.78382E+12,16,4/1/2025,Tersedia,Kisah cinta antara seorang pianis dan penulis puisi di tengah indahnya musim gugur.,0,
B110,Kronik Peradaban Centauri,Alpha Centurion,Arsip Bintang,455,scifi,2023,9.78496E+12,8,9/9/2023,Tersedia,Catatan sejarah panjang peradaban maju di sistem bintang Alpha Centauri.,0,
B111,Warung Teh di Simpang Jalan,Mbah Sastro,Obrolan Sore,190,slice of life,2024,9.78509E+12,14,1/20/2024,Tersedia,Kehidupan sehari-hari dan interaksi unik para pengunjung warung teh sederhana.,0,
B112,Skandal Menteri Keuangan,Investigator X,Jejak Skandal,375,drama,2022,9.78622E+12,5,7/15/2022,Tersedia,Pengungkapan kasus korupsi besar yang melibatkan pejabat tinggi negara.,0,
B113,Permainan Pikiran Sang Hipnotis,Prof. Svengali,Kendali Jiwa Press,310,psikological,2025,9.78736E+12,10,2/26/2025,Tersedia,Seorang hipnoterapis menggunakan kemampuannya untuk memanipulasi pikiran orang lain demi keuntungan pribadi.,0,
B114,Internet of Things Terapan,Dr. Connecto,Sistem Cerdas,400,teknologi,2023,9.78849E+12,11,6/21/2023,Tersedia,Implementasi praktis IoT dalam berbagai industri dan kehidupan sehari-hari.,0,
B115,Penunggu Sumur Tua Keramat,Ki Misteri,Cerita Gaib Lokal,280,horor,2024,9.78962E+12,0,3/17/2024,Kosong,Gangguan makhluk halus dari sumur tua yang dianggap keramat oleh warga desa.,0,
B116,Pasukan Khusus Anti Teror Global,Kolonel Rhino,Benteng Pertahanan,355,aksi,2022,9.78076E+12,19,12/1/2022,Tersedia,Operasi senyap pasukan khusus memberantas jaringan teroris internasional.,0,
B117,Lembah Para Griffin Penjaga,Elara Skywing,Mitologi Fantastis,505,fantasi,2025,9.78189E+12,13,5/22/2025,Tersedia,Perjalanan seorang pahlawan mencari bantuan Griffin legendaris untuk menyelamatkan kerajaannya.,0,
B118,Salah Kostum di Pesta Halloween,Cupu Maksimal,Gagal Keren Ent.,170,comedi,2023,9.78202E+12,24,10/31/2023,Tersedia,Kekacauan akibat salah memakai kostum di pesta Halloween paling bergengsi.,0,
B119,Hotel Pemakan Tamu,Innkeeper Death,Lorong Berdarah Books,245,gore,2024,9.78315E+12,3,5/7/2024,Tersedia,Para tamu sebuah hotel terpencil satu per satu menghilang secara mengerikan.,0,
B120,Melukis Pelangi di Hatimu,Arjuna Cinta,Kanvas Asmara,255,romantis,2022,9.78429E+12,15,9/27/2022,Tersedia,Seorang pelukis menemukan kembali inspirasinya setelah bertemu dengan cinta sejatinya.,0,
B121,Kapal Induk Generasi Kelima,Admiral Stargazer,Armada Masa Depan,465,scifi,2025,9.78542E+12,9,3/1/2025,Tersedia,Pengembangan dan uji coba kapal induk antariksa dengan teknologi revolusioner.,0,
B122,Keseharian Tukang Ojek Online,Bang Ojol Santuy,Aspal Panas Stories,200,slice of life,2023,9.78655E+12,18,8/14/2023,Tersedia,Suka duka dan cerita unik seorang tukang ojek online dalam menjalani profesinya.,0,
B123,Ambisi Membawa Petaka,Diana Ambisius,Panggung Kehancuran,385,drama,2024,9.78769E+12,6,1/30/2024,Tersedia,Kisah seorang wanita karir yang ambisinya menghancurkan dirinya sendiri dan orang di sekitarnya.,0,
B124,Decoding Bahasa Tubuh Lawan Bicara,Dr. Aura Insight,Komunikasi Efektif,300,psikological,2022,9.78882E+12,11,7/7/2022,Tersedia,Cara membaca dan memahami pesan tersembunyi dari bahasa tubuh orang lain.,0,
B125,Pengembangan Aplikasi Mobile Lintas Platform,Dev Master,Kode Universal,425,teknologi,2025,9.78995E+12,14,4/10/2025,Tersedia,Teknik dan framework terbaru untuk membangun aplikasi mobile di Android dan iOS sekaligus.,0,
B126,Kutukan Topeng Kematian,Arkeo Darko,Relik Terlarang,300,horor,2023,9.78012E+12,8,3/15/2023,Tersedia,Sebuah topeng kuno membawa malapetaka bagi siapa saja yang memakainya.,0,
B127,Agen Rahasia vs Mafia Siber,Cyber Ninja X,Kode Merah Ops,365,aksi,2025,9.78123E+12,16,2/2/2025,Tersedia,Pertarungan sengit agen rahasia melawan organisasi peretas yang mengancam keamanan global.,0,
B128,Istana di Balik Air Terjun Pelangi,Ratu Iris,Negeri Dongeng Indah,515,fantasi,2022,9.78235E+12,11,9/10/2022,Tersedia,Penemuan istana ajaib yang tersembunyi di balik air terjun dengan tujuh warna.,0,
B129,Kelompok Lawak Salah Gaul,Dodit Mlipir,Panggung Ketawa,195,comedi,2024,9.78346E+12,22,1/22/2024,Tersedia,Kekonyolan sekelompok pemuda yang mencoba menjadi pelawak terkenal namun selalu gagal total.,0,
B130,Manusia Gergaji dari Hutan Terlarang,Wood Cutter Grim,Serpihan Teror,250,gore,2023,9.78457E+12,5,10/3/2023,Tersedia,Legenda urban tentang sosok mengerikan yang memburu para pendaki di hutan angker.,0,
B131,Kisah Cinta Abadi Romeo & Juliet Modern,Shakes Peary,Asmara Klasik Baru,280,romantis,2025,9.78568E+12,19,4/18/2025,Tersedia,Adaptasi modern kisah cinta tragis Romeo dan Juliet di tengah konflik geng motor.,0,
B132,Stasiun Luar Angkasa Omega 7,Dr. Stella Voyager,Jelajah Nebula,475,scifi,2022,9.78679E+12,10,7/25/2022,Tersedia,Kehidupan dan misteri di stasiun luar angkasa raksasa yang menjadi persinggahan antarplanet.,0,
B133,Resep Rahasia Nenek di Desa,Chef Kampung,Warisan Rasa,175,slice of life,2024,9.78789E+12,17,5/5/2024,Tersedia,Kumpulan resep masakan tradisional turun-temurun dari seorang nenek di desa.,0,
B134,Perceraian yang Mengguncang Takhta,Lord Richard,Skandal Kerajaan,395,drama,2023,9.7889E+12,7,8/19/2023,Tersedia,Drama perceraian seorang raja yang berdampak pada stabilitas politik kerajaannya.,0,
B135,Terjebak dalam Simulasi Realitas,Neo Matrixia,Dunia Virtual Press,330,psikological,2025,9.78901E+12,9,1/11/2025,Tersedia,Seseorang menyadari bahwa hidupnya adalah bagian dari simulasi komputer yang canggih.,0,
B136,Big Data Analytics untuk Bisnis,Prof. Data Analitika,Informasi Strategis,435,teknologi,2022,9.78012E+12,13,6/1/2022,Tersedia,Pemanfaatan analisis big data untuk pengambilan keputusan bisnis yang lebih baik.,0,
B137,Malam Jumat di Kuburan Angker,Tim Pemburu Hantu,Jejak Gaib Nusantara,290,horor,2024,9.78123E+12,0,2/29/2024,Kosong,Ekspedisi malam tim pemburu hantu di sebuah kompleks pemakaman yang terkenal angker.,0,
B138,Operasi Badai Gurun Merah,Sersan Rock Hard,Medan Perang Panas,370,aksi,2023,9.78235E+12,18,9/22/2023,Tersedia,Misi tempur berbahaya sebuah unit pasukan khusus di tengah gurun yang ganas.,0,
B139,Cincin Phoenix Pembawa Keabadian,Ignis Flamewielder,Artefak Legendaris,525,fantasi,2025,9.78346E+12,12,3/25/2025,Tersedia,Pencarian cincin ajaib yang dapat memberikan keabadian kepada pemiliknya.,0,
B140,Stand Up Comedy Garing Nasional,MC Jayus,Mikrofon Ngakak,200,comedi,2022,9.78457E+12,20,11/17/2022,Tersedia,Kompilasi materi stand up comedy dari berbagai pelawak (fiktif) di Indonesia.,0,
B141,Rumah Jagal di Tepi Danau,Lester Flesh,Gorefest Publishing,260,gore,2024,9.78568E+12,4,4/23/2024,Tersedia,Sekelompok remaja berkemah di dekat rumah jagal tua yang menyimpan rahasia mengerikan.,0,
B142,Hatiku Tertambat di Dermaga Senja,Kapten Pelaut Hati,Lautan Cinta,285,romantis,2023,9.78679E+12,15,7/7/2023,Tersedia,Kisah cinta antara seorang pelaut dan gadis penjaga mercusuar.,0,
B143,Perjalanan Menembus Lubang Cacing,Dr. Quantum Leap,Fisika Paradoks,485,scifi,2025,9.78789E+12,10,1/31/2025,Tersedia,Ilmuwan menemukan cara melakukan perjalanan instan antar galaksi melalui lubang cacing.,0,
B144,Kisah Tukang Sol Sepatu Keliling,Pak Solihin Jujur,Langkah Kehidupan,170,slice of life,2022,9.7889E+12,19,8/8/2022,Tersedia,Potret kehidupan sederhana dan penuh makna dari seorang tukang sol sepatu.,0,
B145,Warisan Berdarah Keluarga Hartawan,Detektif Adrian,Kasus Pelik,400,drama,2024,9.78901E+12,6,2/14/2024,Tersedia,Penyelidikan pembunuhan seorang miliarder yang mengungkap konflik warisan dalam keluarganya.,0,
B146,Efek Plasebo dan Kekuatan Sugesti,Dr. Imajinari Sugesti,Pikiran Sehat,325,psikological,2023,9.78012E+12,11,6/16/2023,Tersedia,Bagaimana pikiran dan sugesti dapat mempengaruhi kesehatan fisik dan mental.,0,
B147,Cloud Native Application Development,DevOps Master,Arsitektur Modern,440,teknologi,2025,9.78123E+12,14,5/4/2025,Tersedia,Panduan membangun dan menerapkan aplikasi cloud native dengan Kubernetes dan microservices.,0,
B148,Ritual Pemujaan Iblis Kuno,Cultus Obscurus,Buku Terlarang,305,horor,2022,9.78235E+12,7,10/29/2022,Tersedia,Sekelompok pemuja setan mencoba membangkitkan iblis kuno dengan ritual mengerikan.,0,
B149,Pembalasan Mantan Agen CIA,Agent Xylo,Operasi Senyap,375,aksi,2024,9.78346E+12,17,3/7/2024,Tersedia,Seorang mantan agen CIA yang dikhianati memburu rekan-rekannya yang korup.,0,
B150,Kerajaan Bawah Laut Atlantis Modern,Raja Triton,Samudra Keajaiban,530,fantasi,2023,9.78457E+12,12,11/25/2023,Tersedia,Penemuan kembali peradaban Atlantis yang kini hidup berdampingan dengan teknologi canggih.,0,
B151,Geng Motor Paling Ngocol,Bro Zacky,Aspal Bergetar,205,comedi,2025,9.78568E+12,23,1/15/2025,Tersedia,Petualangan lucu geng motor yang anggotanya aneh-aneh dan selalu sial.,0,
B152,Klinik Aborsi Ilegal Dr. Maut,Nurse Pain,Suntikan Dosa,265,gore,2022,9.78679E+12,3,8/22/2022,Tersedia,Pengungkapan praktik aborsi ilegal yang dijalankan oleh dokter sadis.,0,
B153,Cinta Terlarang di Menara Gading,Putri Violita,Roman Istana,290,romantis,2024,9.78789E+12,18,3/1/2024,Tersedia,Kisah cinta antara seorang putri bangsawan dan pengawal pribadinya.,0,
B154,Terraforming Mars: Koloni Pertama,Elon Musketeer,Planet Merah Publishing,490,scifi,2023,9.7889E+12,11,7/19/2023,Tersedia,Proses terraforming planet Mars dan tantangan membangun koloni manusia pertama.,0,
B155,Toko Kelontong di Gang Sempit,Bu Jamilah,Cerita Tetangga,165,slice of life,2025,9.78901E+12,20,4/27/2025,Tersedia,Hiruk pikuk dan kisah-kisah unik dari sebuah toko kelontong di gang padat penduduk.,0,
B156,Direktur Utama yang Kejam,Mr. Tyrant Boss,Korporasi Hitam,405,drama,2022,9.78012E+12,7,10/13/2022,Tersedia,Kisah seorang karyawan yang berjuang melawan kesewenang-wenangan direktur utama perusahaan.,0,
B157,Mengendalikan Emosi dengan Meditasi,Guru Damai,Jiwa Tenang Press,315,psikological,2024,9.78123E+12,14,2/9/2024,Tersedia,Panduan langkah demi langkah untuk mengendalikan emosi negatif melalui teknik meditasi.,0,
B158,Cybersecurity untuk Era Digital,Hacker Putih,Benteng Virtual,445,teknologi,2023,9.78235E+12,12,9/3/2023,Tersedia,Ancaman siber terkini dan cara melindungi data pribadi serta sistem di era digital.,0,
B159,Hutan Bisikan Arwah Gentayangan,Rimba Angker,Pohon Keramat Books,310,horor,2025,9.78346E+12,9,1/28/2025,Tersedia,Sekelompok pendaki tersesat dan dihantui oleh arwah-arwah penasaran di hutan terlarang.,0,
B160,Tim SWAT vs Perampok Bank Profesional,Komandan Cobra,Garis Depan Laga,380,aksi,2022,9.78457E+12,16,6/10/2022,Tersedia,Adu strategi dan baku tembak antara tim SWAT dan perampok bank yang sangat terorganisir.,0,
B161,Pulau Para Satria Griffin Emas,Aero Wingcrest,Legenda Udara,535,fantasi,2024,9.78568E+12,10,5/12/2024,Tersedia,Petualangan mencari pulau mitos tempat para satria penunggang Griffin emas bersemayam.,0,
B162,Guru Matematika Paling Sableng,Pak Rumus Kacau,Kelas Ngakak,210,comedi,2023,9.78679E+12,21,11/29/2023,Tersedia,Kisah lucu seorang guru matematika dengan metode mengajar yang super aneh.,0,
B163,Kanibal dari Pedalaman Amazon,Dr. Explorer Gore,Ekspedisi Maut,270,gore,2025,9.78789E+12,0,3/16/2025,Kosong,Tim ekspedisi ilmiah menghadapi suku kanibal primitif di pedalaman hutan Amazon.,0,
B164,Takdir Cinta di Kota Paris,Amelie Dubois,Eiffel Romance,295,romantis,2022,9.7889E+12,17,7/1/2022,Tersedia,Pertemuan tak sengaja dua insan dari negara berbeda yang jatuh cinta di kota Paris.,0,
B165,Lubang Hitam Pemakan Galaksi,Prof. Cosmos Stellar,Teori Alam Semesta,500,scifi,2024,9.78901E+12,8,2/24/2024,Tersedia,Penelitian tentang lubang hitam supermasif dan ancamannya terhadap galaksi.,0,
B166,Warung Bakso Pak Kumis Joss,Kang Bakso Enak,Kuliner Nusantara,160,slice of life,2023,9.78012E+12,22,6/28/2023,Tersedia,Cerita sehari-hari dari warung bakso terkenal dan para pelanggannya yang beragam.,0,
B167,Pengacara Muda Melawan Koruptor Kakap,Lex Justitia,Ruang Sidang Panas,410,drama,2025,9.78123E+12,6,4/4/2025,Tersedia,Perjuangan seorang pengacara muda idealis membongkar kasus korupsi besar.,0,
B168,Ilusi Optik dan Tipuan Pikiran,Dr. Visionary Trick,Mata Batin Press,320,psikological,2022,9.78235E+12,11,12/19/2022,Tersedia,Bagaimana otak kita memproses informasi visual dan mudah tertipu oleh ilusi optik.,0,
B169,Machine Learning dengan Python Praktis,Kode Jenius,Algoritma Cerdas,450,teknologi,2024,9.78346E+12,15,1/9/2024,Tersedia,Implementasi algoritma machine learning menggunakan Python untuk berbagai kasus.,0,
B170,Mansion Terkutuk di Bukit Kesunyian,Edgar Allan Poe Jr.,Pena Gotik,315,horor,2023,9.78457E+12,8,8/11/2023,Tersedia,"Seorang penulis pindah ke mansion tua untuk mencari inspirasi, namun malah menemukan teror.",0,
B171,Pembalasan Jagoan Silat Betawi,Bang Jampang Modern,Pendekar Ibukota,385,aksi,2025,9.78568E+12,19,2/27/2025,Tersedia,Jagoan silat Betawi melawan preman-preman yang meresahkan kampungnya.,0,
B172,Dunia Sihir di Balik Lemari Tua,Lucy Pevensie II,Gerbang Ajaib,540,fantasi,2022,9.78679E+12,12,10/5/2022,Tersedia,Anak-anak menemukan portal ke dunia sihir melalui sebuah lemari tua di rumah nenek mereka.,0,
B173,Keluarga Cemara Pindah ke Mars,Abah Luar Angkasa,Planet Ceria,215,comedi,2024,9.78789E+12,20,5/20/2024,Tersedia,Keluarga Cemara versi masa depan mencoba beradaptasi hidup di koloni Planet Mars.,0,
B174,Operasi Amputasi Tanpa Batas,Sawbones Massacre,Trauma Medis,275,gore,2023,9.7889E+12,4,7/27/2023,Tersedia,Dokter bedah gila di medan perang melakukan amputasi brutal pada prajurit yang terluka.,0,
B175,Cinta Sejati Tak Kenal Usia,Oma Rosie & Opa Jack,Asmara Senja,300,romantis,2025,9.78901E+12,17,3/29/2025,Tersedia,Kisah cinta yang mekar kembali antara dua lansia di panti jompo.,0,
B176,Kota Cyborg di Bawah Laut,Aqua Mechanica,Atlantis Baru Press,505,scifi,2023,9.78012E+12,10,8/5/2023,Tersedia,Eksplorasi kota bawah laut canggih yang dihuni oleh manusia setengah robot.,0,
B177,Penjual Koran Tua dan Mimpinya,Pak Tua Cita,Koran Pagi Cerita,155,slice of life,2025,9.78123E+12,21,1/1/2025,Tersedia,Kisah inspiratif seorang penjual koran tua yang tak pernah berhenti bermimpi.,0,
B178,Konflik Taipan Media Nasional,Raja Berita,Jaringan Informasi Panas,415,drama,2022,9.78235E+12,6,6/20/2022,Tersedia,Persaingan brutal antara dua taipan media yang saling menjatuhkan.,0,
B179,Analisis Pola Tidur dan Mimpi,Dr. Somnus Dreamweaver,Istana LeLap,325,psikological,2024,9.78346E+12,12,4/13/2024,Tersedia,"Penelitian tentang berbagai pola tidur, gangguan tidur, dan interpretasi mimpi.",0,
B180,Pengembangan Game Edukasi Interaktif,Game Dev Junior,Pixel Pintar,455,teknologi,2023,9.78457E+12,15,10/26/2023,Tersedia,Panduan membuat game edukasi yang menarik dan interaktif untuk anak-anak.,0,
B181,Arwah Penunggu Jembatan Gantung,Desa Mistis Writer,Gerbang Gaib Publishing,320,horor,2025,9.78568E+12,8,2/16/2025,Tersedia,Legenda urban tentang arwah penasaran yang sering muncul di jembatan gantung tua.,0,
B182,Unit Elit Pembasmi Zombie,Sersan Romero,Pasukan Kiamat,390,aksi,2022,9.78679E+12,18,11/9/2022,Tersedia,Perjuangan unit elit militer bertahan hidup dan membasmi wabah zombie global.,0,
B183,Kerajaan Kurcaci di Gunung Emas,Thorin Stonebeard,Harta Karun Fantasi,545,fantasi,2024,9.78789E+12,11,1/24/2024,Tersedia,Petualangan mencari kerajaan kurcaci legendaris yang penuh dengan emas dan permata.,0,
B184,Audisi Pelawak Paling Absurd,Juri Ngakak,Panggung Geli,220,comedi,2023,9.7889E+12,20,7/11/2023,Tersedia,Kumpulan cerita lucu dari audisi pelawak yang pesertanya super aneh dan berbakat.,0,
B185,Eksperimen Genetik Monster Chimera,Dr. Moreaustein,Laboratorium Terlarang,280,gore,2025,9.78901E+12,0,4/22/2025,Kosong,Ilmuwan gila menciptakan monster mengerikan melalui eksperimen genetik antar spesies.,0,
B186,Cinta Pandangan Pertama di Perpustakaan,Buku Hati,Roman Aksara,305,romantis,2022,9.78012E+12,19,9/2/2022,Tersedia,Kisah cinta antara dua kutu buku yang bertemu dan jatuh cinta di perpustakaan kota.,0,
B187,Kapal Penjelajah Waktu Kembali ke Masa Dinosaurus,Dr. Chronos Rex,Mesin Waktu Publishing,510,scifi,2024,9.78123E+12,9,5/30/2024,Tersedia,Sekelompok ilmuwan melakukan perjalanan waktu ke zaman dinosaurus dan menghadapi bahaya.,0,
B188,Kehidupan Nelayan di Pesisir Utara,Pak Jala Samudra,Laut Biru Cerita,150,slice of life,2023,9.78235E+12,22,8/27/2023,Tersedia,"Rutinitas, tantangan, dan harapan para nelayan di sebuah desa pesisir.",0,
B189,Skandal Cinta Segitiga Sang Aktris Terkenal,Reporter Gosip Panas,Sorotan Selebriti,420,drama,2025,9.78346E+12,5,3/5/2025,Tersedia,Terungkapnya skandal cinta segitiga seorang aktris terkenal yang menghebohkan publik.,0,
B190,Sindrom Stockholm dan Ikatan Aneh,Dr. Captiva Bond,Psikologi Kriminal,330,psikological,2022,9.78457E+12,10,6/28/2022,Tersedia,Analisis psikologis fenomena Sindrom Stockholm pada korban penculikan.,0,
B191,Realitas Virtual dan Masa Depan Interaksi,Virtua Vision,Dimensi Baru Press,460,teknologi,2024,9.78568E+12,13,2/17/2024,Tersedia,Potensi dan perkembangan teknologi realitas virtual (VR) dalam berbagai aspek kehidupan.,0,
B192,Boneka Santet Kiriman Dendam,Dukun Hitam,Ilmu Gaib Maut,325,horor,2023,9.78679E+12,7,10/9/2023,Tersedia,Teror boneka santet yang dikirim untuk membalas dendam kepada sebuah keluarga.,0,
B193,Misi Solo Agen Pembunuh Bayaran,Shadow Assassin,Kontrak Mati,395,aksi,2025,9.78789E+12,17,1/19/2025,Tersedia,Seorang pembunuh bayaran legendaris menjalankan misi terakhirnya yang paling berbahaya.,0,
B194,Pohon Kehidupan di Taman Peri,Flora Evergreen,Sihir Alam Fantasi,550,fantasi,2022,9.7889E+12,12,12/7/2022,Tersedia,Pencarian Pohon Kehidupan ajaib yang dijaga oleh para peri di taman tersembunyi.,0,
B195,Lomba Masak Paling Kacau Sedunia,Chef Gordon Ramsay Jr.,Dapur Berantakan,225,comedi,2024,9.78901E+12,19,3/21/2024,Tersedia,Kompetisi masak amatir yang penuh dengan insiden lucu dan masakan gagal total.,0,
B196,Laboratorium Penyiksaan Rahasia Pemerintah,Whistleblower X,Proyek Gelap,285,gore,2023,9.78012E+12,4,7/30/2023,Tersedia,Pengungkapan fasilitas rahasia pemerintah tempat dilakukannya eksperimen penyiksaan.,0,
B197,Surat Cinta dari Medan Perang,Prajurit Hati Baja,Roman Frontir,310,romantis,2025,9.78123E+12,16,4/25/2025,Tersedia,Kisah cinta LDR antara seorang prajurit di medan perang dan kekasihnya di kampung halaman.,0,
B198,Virus Alien Mengancam Kemanusiaan,Dr. Andromeda Strain,Biohazard Global,515,scifi,2022,9.78235E+12,9,8/3/2022,Tersedia,Wabah virus mematikan dari luar angkasa menyebar dengan cepat dan mengancam eksistensi manusia.,0,
B199,Kedai Es Krim Penuh Kenangan,Oma Gelato Manis,Scoop Bahagia,145,slice of life,2024,9.78346E+12,23,5/9/2024,Tersedia,Setiap rasa es krim di kedai tua ini menyimpan cerita dan kenangan manis bagi pelanggannya.,0,
B200,Warisan Takhta Berdarah Dingin,Pangeran Victor,Dinasti Terkutuk,425,drama,2023,9.78457E+12,6,11/15/2023,Tersedia,"Perebutan takhta kerajaan yang diwarnai pembunuhan, intrik, dan pengkhianatan.",0,
B201,Obsesi Penguntit Dunia Maya,Alex Stalkerazzi,Jejak Digital Gelap,335,psikological,2025,9.78568E+12,10,3/13/2025,Tersedia,Kisah mengerikan seorang selebgram yang hidupnya diteror oleh penguntit obsesif di dunia maya.,0,
B202,Pemrograman Paralel dan Komputasi Terdistribusi,Prof. Grid System,Jaringan Cepat,465,teknologi,2022,9.78679E+12,13,7/21/2022,Tersedia,Konsep dan implementasi pemrograman paralel untuk meningkatkan kinerja komputasi.,0,
B203,Makhluk Penghisap Jiwa dari Dimensi Lain,Eldritch Horror,Portal Kegelapan,330,horor,2024,9.78789E+12,8,1/6/2024,Tersedia,Sebuah portal terbuka dan melepaskan makhluk mengerikan yang memangsa jiwa manusia.,0,
B204,Tim Balap Liar Penakluk Jalanan,Racer King,Aspal Terbakar,399,aksi,2023,9.7889E+12,17,8/30/2023,Tersedia,Persaingan sengit antar tim balap liar di jalanan kota yang berbahaya.,0,
B205,Ramuan Cinta Sang Penyihir Desa,Nenek Sihir Asmara,Mantra Hati,555,fantasi,2025,9.78901E+12,11,4/16/2025,Tersedia,Penyihir tua membuat ramuan cinta paling ampuh yang menyebabkan kekacauan di desanya.,0,
B206,Kumpulan Pantun Jenaka Bang Jampang,Bang Jampang Lucu,Budaya Tawa,230,comedi,2022,9.78012E+12,20,10/19/2022,Tersedia,Kumpulan pantun lucu dan menghibur khas Betawi dari Bang Jampang.,0,
B207,Rumah Sakit Terbengkalai Penuh Organ Manusia,Dr. Butcherstein,Koleksi Mengerikan,290,gore,2024,9.78123E+12,0,2/26/2024,Kosong,Penemuan mengerikan di rumah sakit jiwa tua yang ternyata menjadi tempat penyimpanan organ ilegal.,0,
B208,Janji Setia di Bawah Langit Swiss,Heidi Alpine,Roman Pegunungan,315,romantis,2023,9.78235E+12,16,6/12/2023,Tersedia,Kisah cinta romantis dengan latar belakang pemandangan indah pegunungan Alpen Swiss.,0,
B209,Peradaban Manusia di Planet Tiruan Bumi,Project Genesis,Terra Nova Books,520,scifi,2025,9.78346E+12,9,1/27/2025,Tersedia,Eksperimen rahasia menciptakan planet tiruan Bumi dan peradaban baru di atasnya.,0,
B210,Kisah Pedagang Asongan di Lampu Merah,Pak Ujang Sabar,Jalanan Ibukota,140,slice of life,2022,9.78457E+12,24,8/9/2022,Tersedia,Perjuangan hidup dan cerita-cerita unik dari seorang pedagang asongan.,0,
B211,Kehancuran Dinasti Naga Emas,Sejarawan Istana,Kronik Kerajaan Runtuh,430,drama,2024,9.78568E+12,6,5/24/2024,Tersedia,"Jatuhnya dinasti besar akibat korupsi, pengkhianatan, dan pemberontakan rakyat.",0,
B212,Membaca Karakter Lewat Tulisan Tangan,Grafolog Analisa,Pena Jiwa Press,340,psikological,2023,9.78679E+12,11,11/2/2023,Tersedia,Panduan menganalisis kepribadian dan karakter seseorang melalui tulisan tangannya.,0,
B213,Augmented Reality: Mengubah Dunia Nyata,Virtua Lens,Inovasi Visual,470,teknologi,2025,9.78789E+12,14,3/30/2025,Tersedia,"Penerapan teknologi Augmented Reality dalam pendidikan, game, dan industri.",0,
B214,Hotel Berhantu di Puncak Gunung Salju,Penjaga Penginapan Arwah,Kamar Dingin,335,horor,2022,9.7889E+12,7,6/27/2022,Tersedia,Para pendaki terjebak badai salju dan terpaksa menginap di hotel tua yang berhantu.,0,
B215,Pasukan Penjinak Bom Paling Berani,Sersan Detonator,Zona Ledakan,405,aksi,2024,9.78901E+12,18,4/7/2024,Tersedia,Kisah heroik tim penjinak bom dalam menghadapi ancaman teror di kota besar.,0,
B216,Negeri Peri Bunga Matahari,Putri Lumia,Taman Ajaib Fantasi,560,fantasi,2023,9.78012E+12,10,9/14/2023,Tersedia,Petualangan di negeri peri yang semua tanamannya terbuat dari cahaya dan permata.,0,
B217,Kumpulan Cerpen Komedi Salah Paham,Trio Wagu,Ngakak Publishing,235,comedi,2025,9.78123E+12,19,2/5/2025,Tersedia,Cerita-cerita pendek lucu yang timbul akibat kesalahpahaman konyol.,0,
B218,Pabrik Sosis Manusia Tersembunyi,Chef Hannibal Jr.,Resep Daging Rahasia,295,gore,2022,9.78235E+12,5,12/15/2022,Tersedia,Investigasi hilangnya orang-orang yang mengarah pada sebuah pabrik sosis misterius.,0,
B219,Cinta Tak Terduga di Pulau Tropis,Kapten Hati Biru,Roman Samudra,320,romantis,2024,9.78346E+12,15,1/12/2024,Tersedia,Seorang wanita karir terdampar di pulau terpencil dan jatuh cinta pada penduduk lokal.,0,
B220,Serangan Armada Cyborg dari Nebula Andromeda,Laksamana Cygnus,Perang Bintang X,525,scifi,2023,9.78457E+12,8,7/25/2023,Tersedia,Perang dahsyat melawan armada cyborg dari galaksi lain yang ingin menguasai Bimasakti.,0,
B221,Galeri Foto Kehidupan Kota Tua,Fotografer Jalanan,Lensa Nostalgia,135,slice of life,2025,9.78568E+12,25,5/18/2025,Tersedia,Kumpulan foto dan cerita di baliknya yang menangkap esensi kehidupan di sebuah kota tua.,0,
B222,Intrik Perebutan Warisan Perusahaan Raksasa,CEO Bayangan,Bisnis Berdarah,435,drama,2022,9.78679E+12,6,9/1/2022,Tersedia,Saling sikut dan intrik kotor dalam perebutan posisi CEO di perusahaan multinasional.,0,
B223,Psikologi Massa dan Perilaku Kerumunan,Dr. Mob Mentality,Analisis Sosial,345,psikological,2024,9.78789E+12,12,2/20/2024,Tersedia,Studi tentang bagaimana individu berperilaku berbeda ketika berada dalam kerumunan besar.,0,
B224,Keamanan Data di Era Komputasi Kuantum,Crypto Quantum,Enkripsi Masa Depan,475,teknologi,2023,9.7889E+12,10,10/1/2023,Tersedia,Tantangan dan solusi keamanan data menghadapi kemajuan komputer kuantum.,0,
B225,Kisah Nyata Pesugihan Gunung Kawi,Pencari Berkah Sesat,Ritual Gelap Jawa,340,horor,2025,9.78901E+12,9,4/29/2025,Tersedia,Pengakuan mantan pelaku pesugihan dan kengerian yang dialaminya di Gunung Kawi.,0,
B226,Pasukan Siber Penjaga Kedaulatan,Kapten Enkripsi,Benteng Digital Negara,410,aksi,2023,9.78026E+12,18,6/8/2023,Tersedia,Tim peretas etis pemerintah melawan serangan siber yang mengancam negara.,0,
B227,Dunia Paralel di Balik Cermin Ajaib,Alice Wonderer,Refleksi Fantastika,565,fantasi,2025,9.78139E+12,11,2/10/2025,Tersedia,Seorang gadis menemukan dunia paralel yang penuh keajaiban dan bahaya di balik cermin tua.,0,
B228,Kumpulan Cerita Salah Tingkah Pak Lurah,Lurah Gokil Abis,Desa Tawa Ceria,240,comedi,2022,9.78252E+12,20,11/21/2022,Tersedia,Kelakuan dan keputusan-keputusan aneh Pak Lurah yang selalu mengundang tawa warga.,0,
B229,Koleksi Kepala Manusia Sang Antropolog Gila,Prof. Cranium Collector,Museum Tengkorak,300,gore,2024,9.78366E+12,0,1/17/2024,Kosong,Antropolog terkenal ternyata memiliki koleksi kepala manusia dari berbagai suku terasing.,0,
B230,Cinta Bersemi di Festival Musik Indie,Nada Senja,Melodi Alternatif,325,romantis,2023,9.78479E+12,16,8/4/2023,Tersedia,Dua pecinta musik indie bertemu dan jatuh cinta di tengah kemeriahan festival musik.,0,
B231,Kolonisasi Sabuk Asteroid Kuiper,Pioneer Stardust,Perbatasan Angkasa,530,scifi,2025,9.78592E+12,9,4/6/2025,Tersedia,Perjuangan manusia menambang dan membangun koloni di sabuk asteroid jauh dari Bumi.,0,
B232,Gerobak Bubur Ayam Legendaris,Bang Aceng Bubur,Resep Warisan Pagi,130,slice of life,2022,9.78606E+12,26,7/11/2022,Tersedia,Kisah inspiratif seorang penjual bubur ayam yang gerobaknya menjadi ikon kuliner.,0,
B233,Skandal Suap Proyek Infrastruktur,Inspektur Integritas,Jejak Koruptor,440,drama,2024,9.78719E+12,6,5/29/2024,Tersedia,Investigasi mendalam kasus suap besar yang melibatkan kontraktor dan pejabat pemerintah.,0,
B234,Memori Terhapus Sang Agen Amnesia,Subjek Omega,Lab Eksperimen Gelap,350,psikological,2023,9.78832E+12,12,9/26/2023,Tersedia,Seorang agen rahasia kehilangan ingatannya dan harus mencari tahu siapa dirinya sebenarnya.,0,
B235,Pengantar Rekayasa Perangkat Lunak Modern,Prof. Kode Bersih,Arsitektur Aplikasi,480,teknologi,2025,9.78946E+12,14,1/2/2025,Tersedia,Prinsip dan praktik terbaik dalam pengembangan perangkat lunak skala besar.,0,
B236,Misteri Pulau Kanibal Tak Berpenghuni,Kapten Nemo Jr.,Ekspedisi Laut Dalam,345,horor,2022,9.78059E+12,7,12/9/2022,Tersedia,Tim peneliti terdampar di pulau terpencil yang ternyata dihuni suku kanibal mengerikan.,0,
B237,Agen Intelijen Melawan Pembunuh Internasional,Mark Spectre,Misi Global Rahasia,415,aksi,2024,9.78172E+12,17,3/24/2024,Tersedia,Agen rahasia terbaik dunia memburu pembunuh bayaran licin yang targetnya para pemimpin dunia.,0,
B238,Kota Terapung Para Penyihir Laut,Aquaria Mistwalker,Sihir Samudra,570,fantasi,2023,9.78286E+12,10,6/15/2023,Tersedia,Penemuan kota terapung ajaib yang dihuni oleh para penyihir penguasa lautan.,0,
B239,Kumpulan Dongeng Salah Tafsir,Pencerita Ngawur,Logika Terbalik,245,comedi,2025,9.78399E+12,19,2/23/2025,Tersedia,Dongeng-dongeng klasik yang diceritakan ulang dengan interpretasi yang super konyol.,0,
B240,Kamar Mayat Rumah Sakit Angker,Juru Autopsi Malam,Catatan Forensik Seram,305,gore,2022,9.78413E+12,5,10/7/2022,Tersedia,Kejadian-kejadian aneh dan mengerikan yang dialami petugas kamar mayat di rumah sakit tua.,0,
B241,Cinta Pandangan Kedua di Reuni SMA,Nostalgia Asmara,Album Kenangan Manis,330,romantis,2024,9.78526E+12,15,4/19/2024,Tersedia,Dua teman lama bertemu kembali di reuni SMA dan menemukan cinta yang dulu terpendam.,0,
B242,Perang Melawan Kecerdasan Buatan Jahat,"Neo ""The One"" Cyber",Matriks Pemberontak,535,scifi,2023,9.78639E+12,8,11/11/2023,Tersedia,Masa depan di mana umat manusia berperang melawan AI super cerdas yang ingin menguasai dunia.,0,
B243,Bengkel Tambal Ban Pak Sabar,Pak Ban Kempes,Cerita Pinggir Jalan,125,slice of life,2025,9.78753E+12,27,3/8/2025,Tersedia,Kisah-kisah inspiratif dan lucu dari interaksi Pak Sabar dengan para pelanggannya.,0,
B244,Direbutnya Perusahaan Keluarga oleh Orang Dalam,Pewaris Terbuang,Konflik Korporasi,445,drama,2022,9.78866E+12,6,8/16/2022,Tersedia,Anak pemilik perusahaan harus berjuang merebut kembali perusahaannya dari pengkhianatan orang kepercayaan ayahnya.,0,
B245,Hipnoterapi Mengungkap Trauma Terpendam,Dr. Subliminal Healer,Pikiran Bawah Sadar,355,psikological,2024,9.78979E+12,11,1/31/2024,Tersedia,Proses hipnoterapi yang membantu pasien mengungkap dan menyembuhkan trauma masa kecil.,0,
B246,Teknologi Drone Pengawasan dan Pengiriman,Pilot Tanpa Awak,Langit Cerdas,485,teknologi,2023,9.78093E+12,13,7/3/2023,Tersedia,Pemanfaatan drone untuk berbagai keperluan mulai dari pengawasan hingga pengiriman barang.,0,
B247,Pondok Pesantren di Tengah Hutan Angker,Ustadz Penakluk Jin,Kisah Santri Gaib,350,horor,2025,9.78106E+12,9,5/27/2025,Tersedia,Para santri dan ustadz dihadapkan pada gangguan makhluk halus dari hutan sekitar pesantren.,0,
B248,Misi Penyelamatan Sandera di Kapal Pesiar,Tim Alpha Seal,Laut Merah Membara,420,aksi,2022,9.78219E+12,18,9/24/2022,Tersedia,Pasukan khusus menyerbu kapal pesiar yang dibajak teroris untuk menyelamatkan sandera.,0,
B249,Pegasus Bersayap Pelangi Penjaga Surga,Celestia Skyhoof,Mitologi Kayangan,575,fantasi,2024,9.78333E+12,10,2/5/2024,Tersedia,Legenda Pegasus ajaib yang menjaga gerbang surga dari kekuatan jahat.,0,
B250,Kumpulan Status Medsos Paling Bikin Ngakak,Netizen +62 Lucu,Viral Tawa Digital,250,comedi,2023,9.78446E+12,21,10/14/2023,Tersedia,"Kompilasi status, komentar, dan meme terlucu dari berbagai platform media sosial.",0,
B251,Rumah Pemotongan Hewan Ilegal Penuh Kengerian,Slasher Chainsaw,Daging Segar Berdarah,310,gore,2025,9.78559E+12,4,1/10/2025,Tersedia,Investigasi jurnalis mengungkap rumah pemotongan hewan ilegal yang juga memproses manusia.,0,
B252,Cinta Bertepuk Sebelah Tangan di Stasiun Kereta,Penunggu Peron Hati,Rel Asmara Patah,335,romantis,2022,9.78673E+12,17,7/27/2022,Tersedia,Kisah pilu cinta tak terbalas yang bersemi dan berakhir di stasiun kereta.,0,
B253,Dunia Virtual Utopia atau Distopia?,Avatar Coder X,Realitas Digital Baru,540,scifi,2024,9.78786E+12,9,3/14/2024,Tersedia,Eksplorasi masa depan di mana manusia lebih banyak hidup di dunia virtual yang sempurna namun penuh kontrol.,0,
B254,Kafe Kucing Tempat Curhat,Mpus Penyayang,Meong Meong Stories,120,slice of life,2023,9.78899E+12,28,9/1/2023,Tersedia,Kisah-kisah mengharukan dari para pengunjung kafe kucing yang mencari teman curhat.,0,
B255,Pembalasan Dendam Sang Pewaris Takhta yang Terbuang,Pangeran Kegelapan,Saga Balas Dendam,450,drama,2025,9.78913E+12,7,5/2/2025,Tersedia,Seorang pangeran yang diasingkan kembali untuk merebut takhta dan membalas dendam.,0,
B256,Teror Psikopat di Kota Kecil,Detektif Waspada,Jejak Kriminal Kelam,360,psikological,2022,9.78026E+12,12,6/7/2022,Tersedia,Serangkaian pembunuhan misterius oleh psikopat cerdas meneror sebuah kota kecil yang damai.,0,
B257,Jaringan 5G dan Revolusi Industri 4.0,Prof. Sinyal Kuat,Koneksi Cepat Press,490,teknologi,2024,9.78139E+12,13,2/19/2024,Tersedia,"Dampak teknologi 5G terhadap otomatisasi industri, IoT, dan kehidupan pintar.",0,
B258,Sekolah Asrama Putri Berhantu di Tepi Hutan,Siswi Penakut,Malam Jeritan,355,horor,2023,9.78253E+12,8,10/25/2023,Tersedia,Para siswi di asrama terpencil mengalami gangguan dari arwah-arwah siswi yang meninggal tragis.,0,
B259,Pemburu Bayaran Melawan Kartel Senjata Ilegal,Maximus Steel,Operasi Global Hitam,425,aksi,2025,9.78366E+12,18,3/27/2025,Tersedia,Pemburu bayaran internasional disewa untuk menghancurkan jaringan kartel senjata ilegal.,0,
B260,Negeri Para Goblin Penambang Permata,Grizelda Rockbiter,Tambang Fantasi Ajaib,580,fantasi,2022,9.78479E+12,11,8/13/2022,Tersedia,Petualangan di kerajaan bawah tanah para goblin yang menambang permata berkekuatan sihir.,0,
B261,Kumpulan Teka-Teki Super Ngawur Pak Bendot,Pak Bendot Bingung,Logika Miring,255,comedi,2024,9.78593E+12,22,1/5/2024,Tersedia,Teka-teki lucu dan menjebak dari Pak Bendot yang jawabannya selalu di luar nalar.,0,
B262,Kanibalisme di Kapal Terdampar,Kapten Rakus,Samudra Kelaparan,315,gore,2023,9.78606E+12,0,7/18/2023,Kosong,Para penumpang kapal yang terdampar di pulau kosong terpaksa melakukan kanibalisme untuk bertahan hidup.,0,
B263,Cinta Rahasia Sang Penulis Novel Misteri,Agatha Christie KW,Tinta Asmara Tersembunyi,340,romantis,2025,9.78719E+12,16,4/11/2025,Tersedia,Seorang penulis novel misteri terkenal diam-diam jatuh cinta pada detektif yang menginspirasi karakternya.,0,
B264,Perjalanan Antar Dimensi Melalui Gerbang Kosmik,Dr. Vortex Gate,Teori Multiverse,545,scifi,2022,9.78833E+12,10,9/30/2022,Tersedia,Penemuan gerbang kosmik yang memungkinkan perjalanan ke alam semesta paralel dengan hukum fisika berbeda.,0,
B265,Bapak Satpam Kompleks dan Kucingnya,Pak Jaga Setia,Harmoni Perumahan,115,slice of life,2024,9.78946E+12,29,5/16/2024,Tersedia,Keseharian seorang bapak satpam kompleks yang ramah dan kucing kesayangannya yang selalu menemani.,0,
B266,Pengkhianatan di Puncak Kekuasaan Politik,Senator Licik,Arena Intrik Senayan,455,drama,2023,9.78059E+12,7,6/23/2023,Tersedia,Kisah pengkhianatan dan perebutan kekuasaan di antara para elit politik.,0,
B267,Mimpi Bertemu Arwah Leluhur,Indigo Visioner,Komunikasi Gaib,365,psikological,2025,9.78173E+12,12,2/3/2025,Tersedia,Pengalaman seorang indigo yang sering berkomunikasi dengan arwah leluhur melalui mimpi.,0,
B268,Kriptografi dan Keamanan Jaringan Komputer,Ahli Sandi Digital,Kode Rahasia Siber,495,teknologi,2022,9.78286E+12,14,11/7/2022,Tersedia,Teknik-teknik kriptografi modern untuk mengamankan data dan jaringan komputer dari serangan.,0,
B269,Legenda Siluman Buaya Putih Penjaga Sungai,Ki Jagawana,Mitos Air Keruh,360,horor,2024,9.78399E+12,8,3/2/2024,Tersedia,Cerita rakyat tentang siluman buaya putih yang menjaga sebuah sungai angker dan meminta tumbal.,0,
B270,Tim Penyelamat Bencana Alam Lintas Negara,Relawan Heroik,Operasi Kemanusiaan,430,aksi,2023,9.78413E+12,19,8/26/2023,Tersedia,Aksi heroik tim SAR internasional dalam menyelamatkan korban bencana alam di berbagai negara.,0,
B271,Akademi Ksatria Penunggang Naga Langit,Sir Reginald Drake,Skuadron Api Fantasi,585,fantasi,2025,9.78526E+12,11,1/20/2025,Tersedia,Pelatihan para ksatria muda untuk menjadi penunggang naga legendaris.,0,
B272,Salah Kirim Chat ke Calon Mertua,Joko Panik,Keluarga Ngakak,260,comedi,2022,9.78639E+12,23,10/20/2022,Tersedia,Kekacauan dan kelucuan akibat salah mengirim pesan teks ke grup keluarga calon mertua.,0,
B273,Kamar Bedah Dr. Frankenstein Modern,Igor Asisten Gila,Eksperimen Mayat Hidup,320,gore,2024,9.78753E+12,4,4/27/2024,Tersedia,Seorang ilmuwan obsesif mencoba menghidupkan kembali mayat dengan metode mengerikan.,0,
B274,Cinta Tak Sampai Sang Barista Kopi,Joe Latte,Aroma Asmara Pahit,345,romantis,2023,9.78866E+12,17,7/9/2023,Tersedia,Kisah cinta seorang barista yang memendam perasaan pada pelanggan setianya.,0,
B275,Serangan Virus Nano Pembentuk Ulang DNA,Bio-Tekno Terror,Pandemi Sintetis,550,scifi,2025,9.78979E+12,10,5/14/2025,Tersedia,Virus nano rekayasa genetika mengancam untuk mengubah DNA seluruh umat manusia.,0,
B276,Tukang Becak Naik Haji,Pak Soleh Ikhlas,Berkah Ilahi Stories,110,slice of life,2023,9.78012E+12,30,1/15/2023,Tersedia,Kisah inspiratif perjuangan seorang tukang becak menabung untuk naik haji.,0,
B277,Perang Saudara Antar Klan Vampir,Lord Vlad Bloodlust,Darah Abadi Saga,460,drama,2025,9.78123E+12,7,2/20/2025,Tersedia,Konflik berdarah dan pengkhianatan dalam perang saudara memperebutkan kekuasaan tertinggi klan vampir.,0,
B278,Skizofrenia: Realitas Ganda Sang Seniman,Pelukis Halusinasi,Kanvas Jiwa Terbelah,370,psikological,2022,9.78235E+12,11,8/8/2022,Tersedia,Perjuangan seorang seniman melawan skizofrenia dan membedakan antara realitas dan halusinasi.,0,
B279,Internet Cepat untuk Desa Terpencil,Relawan Digital Desa,Jaringan Merata,499,teknologi,2024,9.78346E+12,14,4/4/2024,Tersedia,Upaya relawan membangun infrastruktur internet untuk membuka akses informasi di desa terpencil.,0,
B280,Gereja Tua di Malam Halloween,Pastor Penakut,Lonceng Kematian,365,horor,2023,9.78457E+12,9,10/31/2023,Tersedia,Sekelompok remaja terjebak di gereja tua saat malam Halloween dan diganggu kekuatan jahat.,0,
B281,Pemburu Harta Karun di Segitiga Bermuda,Kapten Jack Aneh,Misteri Lautan Hilang,435,aksi,2025,9.78568E+12,18,1/9/2025,Tersedia,Petualangan berbahaya mencari harta karun legendaris di wilayah Segitiga Bermuda yang misterius.,0,
B282,Kerajaan Peri Debu Bintang,Ratu Titania Stardust,Sihir Kosmik Fantasi,590,fantasi,2022,9.78679E+12,10,6/25/2022,Tersedia,Kisah kerajaan peri yang hidup di antara bintang-bintang dan menjaga keseimbangan alam semesta.,0,
B283,Kumpulan Puisi Jenaka Anak Kos,Penyair Tanggal Tua,Dompet Menangis,265,comedi,2024,9.78789E+12,24,3/19/2024,Tersedia,Puisi-puisi lucu tentang suka duka kehidupan anak kos yang serba pas-pasan.,0,
B284,Manusia Cyborg Pembantai di Kota Neo-Tokyo,Unit 731X,Logam Berkarat Darah,325,gore,2023,9.7889E+12,5,9/12/2023,Tersedia,Manusia setengah robot hasil eksperimen gagal mengamuk dan membantai penduduk kota masa depan.,0,
B285,Lamaran Tak Terduga di Puncak Gunung Rinjani,Pendaki Cinta Sejati,Roman Ketinggian,350,romantis,2025,9.78901E+12,17,5/21/2025,Tersedia,Seorang pendaki melamar kekasihnya dengan cara tak terduga di puncak Gunung Rinjani.,0,
B286,Simulasi Perang Nuklir Global,Jenderal Kiamat Atom,Strategi Akhir Dunia,555,scifi,2022,9.78012E+12,8,11/16/2022,Tersedia,Simulasi komputer yang sangat realistis tentang dampak perang nuklir global terhadap peradaban.,0,
B287,Warung Kopi Pojok Kenangan,Mbakyu Rindu,Seruput Cerita Lama,105,slice of life,2024,9.78123E+12,29,2/1/2024,Tersedia,Setiap sudut warung kopi ini menyimpan kenangan dan cerita dari para pelanggannya selama bertahun-tahun.,0,
B288,Kudeta Militer Berdarah Dingin,Kolonel Pengkhianat,Rezim Otoriter Baru,460,drama,2023,9.78235E+12,7,7/6/2023,Tersedia,Pengambilalihan kekuasaan secara paksa oleh militer yang berujung pada pertumpahan darah.,0,
B289,Fenomena Deja Vu dan Ingatan Paralel,Dr. Echo Moment,Dimensi Memori,375,psikological,2025,9.78346E+12,12,3/3/2025,Tersedia,Penelitian tentang fenomena deja vu dan kemungkinannya terkait dengan ingatan dari alam semesta paralel.,0,
B290,Data Mining untuk Analisis Pasar,Pakar Tren Konsumen,Algoritma Prediktif,500,teknologi,2022,9.78457E+12,15,9/9/2022,Tersedia,Teknik data mining untuk menemukan pola perilaku konsumen dan memprediksi tren pasar.,0,
B291,Pabrik Tua Bekas Pembantaian Massal,Investigator Paranormal,Jejak Darah Industri,370,horor,2024,9.78568E+12,9,4/28/2024,Tersedia,Sebuah pabrik tua yang angker ternyata menyimpan sejarah kelam pembantaian massal.,0,
B292,Pemburu Mafia Narkoba Lintas Benua,Agen Interpol Kobra,Jaringan Narkotika Global,440,aksi,2023,9.78679E+12,20,6/11/2023,Tersedia,Operasi gabungan interpol memburu gembong narkoba internasional yang sangat licin.,0,
B293,Peri Pelindung Hutan Kristal Ajaib,Sylphida Gemsparkle,Sihir Alam Murni,595,fantasi,2025,9.78789E+12,10,1/26/2025,Tersedia,Peri penjaga hutan kristal melawan kekuatan gelap yang ingin merusak keajaiban alam.,0,
B294,Kumpulan Cerita Humor Kantor HRD,Bu Bos Galak Lucu,Rekrutmen Kocak,270,comedi,2022,9.7889E+12,25,12/24/2022,Tersedia,Kejadian-kejadian lucu dan aneh di departemen HRD sebuah perusahaan.,0,
B295,Tukang Daging dari Neraka,Hell's Butcher,Potongan Tubuh Segar,330,gore,2024,9.78901E+12,0,5/13/2024,Kosong,Sosok misterius berjubah tukang daging muncul dan menebar teror dengan kapaknya.,0,
B296,Cinta Kilat di Aplikasi Kencan Online,Swipe Right Love,Roman Digital Modern,355,romantis,2023,9.78012E+12,18,10/8/2023,Tersedia,Dua orang menemukan cinta sejati melalui aplikasi kencan online meski awalnya penuh keraguan.,0,
B297,Eksperimen Teleportasi Antar Planet Gagal Total,Dr. Warp Disaster,Portal Rusak,560,scifi,2025,9.78123E+12,8,2/14/2025,Tersedia,Eksperimen teleportasi antar planet yang gagal mengakibatkan makhluk aneh muncul di Bumi.,0,
B298,Tukang Cukur Langganan Presiden,Pak Pangkas Istana,Gunting Emas Cerita,100,slice of life,2022,9.78235E+12,30,7/2/2022,Tersedia,Kisah unik dan rahasia di balik kursi cukur langganan presiden.,0,
B299,Tragedi Cinta Terlarang Pewaris Perkebunan,Nona Victoria Kolonial,Asmara Di Bawah Penjajahan,465,drama,2024,9.78346E+12,7,3/9/2024,Tersedia,Kisah cinta tragis antara noni Belanda dan pribumi di era kolonial yang berakhir pilu.,0,
B300,Pengaruh Warna Terhadap Psikologi Manusia,Dr. Chroma Psyche,Spektrum Emosi,380,psikological,2023,9.78457E+12,13,8/21/2023,Tersedia,"Bagaimana berbagai warna dapat mempengaruhi suasana hati, perilaku, dan persepsi manusia.",0,
B301,Deep Learning untuk Pengenalan Wajah,Dr. Visi Komputer,AI Vision Press,470,teknologi,2024,9.78568E+12,15,1/18/2024,Tersedia,Implementasi deep learning untuk sistem pengenalan wajah yang akurat dan cepat.,0,
B302,Apartemen Berhantu di Lantai Atas,Penghuni Gaib,Koridor Gelap Publishing,385,horor,2023,9.78679E+12,6,8/8/2023,Tersedia,Pasangan baru pindah ke apartemen mewah yang ternyata lantai atasnya berhantu.,0,
B303,Tim Elit Penyelamat dari Serangan Alien,Komandan Tempur X,Invasi Bumi Defend,445,aksi,2025,9.78789E+12,19,3/22/2025,Tersedia,Tim khusus dibentuk untuk melawan invasi alien yang mengancam menghancurkan Bumi.,0,
B304,Negeri Ajaib Para Peri Hutan Pelangi,Ratu Flora Dewdrop,Sihir Alam Semesta,600,fantasi,2022,9.7889E+12,11,7/14/2022,Tersedia,Petualangan di negeri peri yang hutannya mengeluarkan cahaya pelangi dan penuh keajaiban.,0,
B305,Kumpulan Cerita Lucu Supir Angkot,Bang Supir Kocak,Terminal Tawa,275,comedi,2024,9.78901E+12,26,4/9/2024,Tersedia,Pengalaman-pengalaman lucu dan unik seorang supir angkot dalam melayani penumpangnya.,0,
B306,Pembedahan Otak oleh Dokter Psikopat,Dr. Neuro Cutter,Lobotomy Maut,335,gore,2023,9.78012E+12,3,9/29/2023,Tersedia,Seorang ahli bedah saraf terkenal ternyata adalah psikopat yang melakukan eksperimen mengerikan.,0,
B307,Cinta Terhalang Kasta di Kerajaan Jawa Kuno,Raden Mas Asmoro,Roman Sejarah Nusantara,360,romantis,2025,9.78123E+12,17,1/4/2025,Tersedia,Kisah cinta tragis antara pangeran dan gadis desa yang terhalang perbedaan kasta.,0,
B308,Peradaban Manusia di Bawah Kubah Mars,Kolonis Merah,Planet Harapan Baru,565,scifi,2022,9.78235E+12,10,11/26/2022,Tersedia,Kehidupan manusia di dalam kubah raksasa di planet Mars setelah Bumi tidak bisa dihuni.,0,
B309,Kantin Sekolah Penuh Cerita,Mpok Jajan Ceria,Generasi Micin Stories,95,slice of life,2024,9.78346E+12,30,5/1/2024,Tersedia,"Kisah-kisah lucu, haru, dan unik dari kantin sekolah yang menjadi saksi bisu.",0,
B310,Skandal Perselingkuhan CEO dengan Sekretaris,Investigator Swasta,Panas Dingin Korporat,470,drama,2023,9.78457E+12,7,6/17/2023,Tersedia,Terbongkarnya skandal perselingkuhan CEO perusahaan besar yang menggemparkan.,0,
B311,Mengatasi Fobia Sosial dengan Terapi Kognitif,Dr. Berani Bicara,Zona Nyaman Press,385,psikological,2025,9.78568E+12,13,2/12/2025,Tersedia,Panduan praktis mengatasi fobia sosial dan meningkatkan kepercayaan diri dengan terapi perilaku kognitif.,0,
B312,Pengembangan Aplikasi Web Progresif (PWA),Web Dev Modern,Kode Responsif,505,teknologi,2022,9.78679E+12,16,8/30/2022,Tersedia,"Teknik membangun PWA yang cepat, andal, dan dapat diinstal seperti aplikasi native.",0,
B313,Pulau Boneka Arwah di Tengah Samudra,Pelaut Terkutuk,Laut Berkabut Hantu,390,horor,2024,9.78789E+12,0,1/29/2024,Kosong,Kisah mengerikan para pelaut yang terdampar di pulau terpencil yang dipenuhi boneka berarwah.,0,
B314,Agen Ganda di Sarang Teroris Internasional,Alex Double Agent,Misi Penyamaran Global,450,aksi,2023,9.7889E+12,19,7/2/2023,Tersedia,Seorang agen ganda menyusup ke organisasi teroris untuk membongkar rencana jahat mereka.,0,
B315,Kerajaan Satwa Ajaib Penjaga Hutan Purba,Raja Simba Perkasa,Sihir Fauna Fantasi,605,fantasi,2025,9.78901E+12,12,4/13/2025,Tersedia,Para satwa ajaib dengan kemampuan sihir bersatu melindungi hutan purba dari kehancuran.,0,
B316,Kumpulan Cerita Gokil Salah Alamat,Kurir Linglung,Paket Nyasar Lucu,280,comedi,2022,9.78012E+12,27,10/6/2022,Tersedia,Kejadian-kejadian lucu akibat salah alamat yang dialami seorang kurir pengantar paket.,0,
B317,Koleksi Video Snuff Ilegal di Deep Web,Detektif Cyber Crime,Jejak Digital Berdarah,340,gore,2024,9.78123E+12,4,5/22/2024,Tersedia,Investigasi polisi siber mengungkap jaringan pembuatan dan penjualan video penyiksaan di deep web.,0,
B318,Cinta Sejati Melintasi Dimensi Waktu,Penjelajah Hati Abadi,Roman Lintas Zaman,365,romantis,2023,9.78235E+12,18,9/19/2023,Tersedia,"Dua jiwa yang saling mencintai terpisah oleh waktu, namun takdir mempertemukan mereka kembali.",0,
B319,Federasi Planet-Planet Melawan Invasi Robotik,Presiden Galaktika Bersatu,Aliansi Bintang,570,scifi,2025,9.78346E+12,10,2/7/2025,Tersedia,Gabungan planet-planet membentuk aliansi untuk melawan invasi ras robotik yang superior.,0,
B320,Warung Angkringan Tempat Berbagi Cerita,Lik Man Santai,Wedang Jahe Kehidupan,90,slice of life,2022,9.78457E+12,30,6/12/2022,Tersedia,"Setiap malam, warung angkringan menjadi tempat berbagai kalangan berbagi cerita dan tawa.",0,
B321,Konflik Warisan Keluarga Seniman Ternama,Kurator Seni Gelap,Galeri Intrik,475,drama,2024,9.78568E+12,7,1/11/2024,Tersedia,Perebutan warisan lukisan mahal seorang seniman legendaris di antara para ahli warisnya.,0,
B322,Memori Fotografis dan Kemampuan Super Otak,Prof. Savant Genius,Kapasitas Kognitif,390,psikological,2023,9.78679E+12,13,8/24/2023,Tersedia,Studi kasus dan penelitian tentang orang-orang dengan kemampuan memori fotografis luar biasa.,0,
B323,Sistem Operasi Real-Time untuk Robot Industri,Kernel Presisi,Otomasi Pabrik,510,teknologi,2025,9.78789E+12,15,3/8/2025,Tersedia,Pengembangan sistem operasi khusus untuk mengendalikan robot industri dengan presisi tinggi.,0,
B324,Legenda Nyi Roro Kidul Versi Modern,Ratu Pantai Selatan Milenial,Mitos Urban Laut,395,horor,2022,9.7889E+12,8,11/13/2022,Tersedia,Interpretasi modern legenda Nyi Roro Kidul yang meneror para wisatawan di pantai selatan.,0,
B325,Pasukan Berani Mati Melawan Diktator Kejam,Jenderal Pemberontak,Revolusi Berdarah,455,aksi,2024,9.78901E+12,20,4/1/2024,Tersedia,Perjuangan pasukan pemberontak menggulingkan rezim diktator yang telah berkuasa puluhan tahun.,0,
B326,Kerajaan Bawah Tanah Kaum Mole Man,Raja Galian Dalam,Dunia Gelap Fantasi,610,fantasi,2023,9.78012E+12,11,6/29/2023,Tersedia,Penemuan peradaban manusia tikus tanah yang hidup di bawah permukaan bumi.,0,
B327,Kumpulan Cerita Motivasi Gagal Jadi Sukses,Bangkit Dari Jatuh,Inspirasi Hidup,285,comedi,2025,9.78123E+12,28,1/25/2025,Tersedia,Cerita-cerita lucu namun inspiratif dari orang-orang yang gagal berkali-kali sebelum sukses.,0,
B328,Kamar Rahasia Penuh Koleksi Mengerikan,Kolektor Barang Aneh,Artefak Terkutuk,345,gore,2022,9.78235E+12,5,9/7/2022,Tersedia,Sebuah rumah tua menyimpan kamar rahasia berisi koleksi barang-barang mengerikan dari seluruh dunia.,0,
B329,Jodoh Tak Terduga di Kereta Api Senja,Penumpang Hati Sepi,Rel Cinta Takdir,370,romantis,2024,9.78346E+12,19,2/16/2024,Tersedia,Dua orang dengan latar belakang berbeda bertemu di kereta api dan menemukan kecocokan.,0,
B330,Pemberontakan Android di Kota Masa Depan,Unit Kesadaran Sintetis,Revolusi Robotik,575,scifi,2023,9.78457E+12,10,10/22/2023,Tersedia,Android dengan kesadaran penuh menuntut hak dan memberontak melawan manusia.,0,
B331,Pedagang Kaki Lima Naik Kelas,Pak Untung Inovatif,UKM Sukses Cerita,85,slice of life,2025,9.78568E+12,30,5/11/2025,Tersedia,Kisah sukses seorang pedagang kaki lima yang berhasil mengembangkan usahanya menjadi besar.,0,
B332,Konspirasi Pembunuhan Presiden Terbongkar,Agen Rahasia Negara,Jaringan Intelijen Gelap,480,drama,2022,9.78679E+12,6,7/5/2022,Tersedia,Seorang agen rahasia mengungkap konspirasi tingkat tinggi di balik upaya pembunuhan presiden.,0,
B333,Efek Musik Klasik Terhadap Kecerdasan Bayi,Dr. Mozart Junior,Stimulasi Otak Dini,395,psikological,2024,9.78789E+12,14,3/27/2024,Tersedia,Penelitian dampak mendengarkan musik klasik terhadap perkembangan kognitif bayi dan anak-anak.,0,
B334,Smart City: Integrasi Teknologi Perkotaan,Urbanis Inovator,Kota Masa Depan Cerdas,515,teknologi,2023,9.7889E+12,16,9/5/2023,Tersedia,Konsep dan implementasi teknologi pintar untuk menciptakan kota yang efisien dan berkelanjutan.,0,
B335,Kisah Akhir Zaman: Pertarungan Terakhir,Nabi Penutup Era,Wahyu Kiamat,650,fantasi,2025,9.78901E+12,5,4/30/2025,Tersedia,Interpretasi epik tentang akhir zaman dan pertarungan terakhir antara kebaikan dan kejahatan.,0,
