ID,JudulBuku,Penulis,Penerbit,JumlahHalaman,Genre,TahunTerbit,ISBN,Stok,TanggalMasuk,Ketersediaan,Deskripsi,TotalDipinjam
B001,Left bring,Evan Oneal,Coffey PLC,222,Gore,2004,9.78519E+12,8,4/30/2024,Tersedia,Now feeling professional well second.,0
B002,Week pick near,Regina Mcdonald,Riggs PLC,571,Gore,1983,9.787E+12,3,2/13/2025,Tersedia,Less me bit able design. Keep choose management. Box image force.,0
B003,World,Kristen Navarro,Sherman and Sons,401,Comedi,2023,9.78522E+12,1,6/1/20234,Tersedia,Share president with staff on. Within street truth race performance.,0
B004,Again color subject,David Stevenson,Howard Ltd,480,Comedi,1988,9.78461E+12,7,9/3/2022,Tersedia,Bank cost former analysis call. Treatment fish game sure through.,0
B005,Southern arm,Elizabeth Raymond,Brandt-Garrett,367,Gore,1980,9.78601E+12,1,8/6/2023,Tersedia,Word assume ok tell. War customer anyone list. Into section case activity.,0
B006,Company morning,Valerie Brown,"Wagner, Fuentes and Johnston",645,Drama,1991,9.78102E+12,10,4/18/2024,Tersedia,Friend own apply rest over technology ten.,0
B007,Skin significant couple,Larry Wilson,Kaiser PLC,256,Gore,2001,9.78796E+12,10,4/26/2023,Tersedia,Trial lot commercial on candidate. Lose year reduce speak Mr same season.,0
B008,Night first challenge shoulder,Henry Miller,"Diaz, Crawford and Fletcher",397,Horor,1985,9.78605E+12,1,2/5/2023,Tersedia,Same administration crime never friend. Size Democrat rise plant ahead music.,0
B009,Rather score action run,Heather Phillips,Roberts Inc,427,Drama,2012,9.78646E+12,8,10/20/2022,Tersedia,Learn project rich perhaps instead crime. Oil program among.,0
B010,Effect third,Heather Powell,"May, Knight and Morgan",420,Drama,1986,9.78176E+12,6,11/22/2023,Tersedia,Light think common wide interesting gun. Catch story do. Young culture service.,0
B011,Dream,Melissa Martin,Caldwell-Foster,370,Aksi,2007,9.78957E+12,4,5/28/2024,Tersedia,Simple me our friend plant course. Couple nation anything action dog apply.,0
B012,Pressure need eight,Kathy Powers,"Garcia, Snyder and Baxter",403,Romantis,2005,9.78959E+12,5,2/5/2025,Tersedia,Couple recently quickly save. Available herself call little service never.,0
B013,Thus area low,Charles Mitchell,"Harper, Rush and Lewis",736,SciFi,2005,9.78676E+12,4,5/29/2025,Tersedia,Success network everyone nearly garden.,0
B014,Method north,Jenna Barker,Ortiz-Bowman,788,Drama,2014,9.79E+12,1,6/14/2023,Tersedia,Care soon magazine ground bar sister. You marriage street stock few father.,0
B015,Sound general,Amber Woods,"Porter, Richardson and Watson",336,Horor,1992,9.78947E+12,2,9/13/2022,Tersedia,Much employee positive. Want finish worker modern.,0
B016,Must,Paul Marks,"Harper, Wright and Marquez",511,Psikological,2008,9.78594E+12,2,5/30/2023,Tersedia,Thousand decision fine short school take.,0
B017,Body final always,Tony Duarte,"Lewis, Smith and Lopez",750,Slice of Life,2005,9.78946E+12,8,10/4/2024,Tersedia,Nation mother cold democratic appear series fill.,0
B018,Peace tough,Jonathan Sanchez,Crawford-Santiago,710,Horor,2000,9.78303E+12,7,10/15/2022,Tersedia,To character audience staff lose perform. Until color bar.,0
B019,Treatment listen peace,Laura Welch,"Camacho, Fry and Olson",188,Comedi,2021,9.78896E+12,3,12/31/2023,Tersedia,Thank speech control buy politics window hit. Expect great purpose blood.,0
B020,Someone activity,Amy York,"Thompson, Kelley and Martinez",328,Fantasi,1996,9.78377E+12,10,4/6/2025,Tersedia,Performance role media north author reach.,0
B021,Message light stage,Justin Davis,"Murphy, Jones and Jenkins",692,Slice of Life,1982,9.78803E+12,9,3/10/2023,Tersedia,Perhaps wrong fly kind able. Compare each ask people few have customer.,0
B022,True spring,Samantha Liu,Acosta-Vargas,721,Slice of Life,2006,9.78292E+12,8,4/2/2025,Tersedia,Manage medical in various bar. Direction left too.,0
B023,Thousand understand,Donna Carpenter,Le LLC,174,Fantasi,1989,9.78618E+12,7,3/8/2025,Tersedia,Sea economy wall eat both. Tell information past.,0
B024,Concern every,Danny Marshall,"Meyers, Green and Williams",638,Romantis,1990,9.78743E+12,9,6/30/2023,Tersedia,Congress necessary her mean recognize nice. Ok play every gas foreign lot say.,0
B025,Relate above wait hand,Zachary Morgan,"Mcneil, Yang and Fletcher",629,Aksi,2012,9.78486E+12,2,1/26/2024,Tersedia,Child billion college. Star far ago late analysis.,0
B026,Service enter,Connor Gordon,"Vaughn, Conley and Walker",182,Drama,1996,9.78961E+12,10,3/29/2024,Tersedia,Idea drive through appear top computer.,0
B027,History top leader,Cynthia Richardson,"Johnson, Edwards and Foster",271,Aksi,2021,9.78172E+12,9,5/16/2024,Tersedia,By trade support garden. Ago order behind financial attorney.,0
B028,Recent alone learn,Lisa Rhodes,Vazquez-Barker,640,Slice of Life,2011,9.78344E+12,1,7/24/2023,Tersedia,Fine shake same quickly consumer happen can dog.,0
B029,Beat yourself,Nicole Mason,Hammond and Sons,157,Horor,1999,9.78451E+12,8,11/23/2023,Tersedia,System Congress spend here. Down particularly bit soon student.,0
B030,Court unit,Jessica Young,"Munoz, Charles and Krause",494,Teknologi,2023,9.78413E+12,1,6/6/2022,Tersedia,Administration age should exist scientist. Say ten safe describe drop write.,0
B031,Them indicate,Leah Simpson,Jones LLC,724,Drama,2017,9.78818E+12,8,12/3/2024,Tersedia,Against after also join hotel. Challenge film white however account start.,0
B032,Sing forget,George Hurst,Craig-Wells,600,Romantis,2011,9.78648E+12,4,3/31/2024,Tersedia,Then though consider teacher follow necessary. Trade price serve such describe.,0
B033,Smile,Bobby Rasmussen,Madden Inc,349,Slice of Life,1983,9.78433E+12,10,12/27/2023,Tersedia,Exist rise energy nature. So today trade bit news check.,0
B034,Receive concern peace least,Mrs. Kayla Hughes,"Villanueva, Irwin and Chavez",517,Aksi,1981,9.78969E+12,2,5/21/2025,Tersedia,Series party although image some.,0
B035,Response write smile,Thomas Davis,Carter-Arnold,187,Comedi,1988,9.78214E+12,6,5/16/2024,Tersedia,Beat listen could fear voice old collection fear.,0
B036,World no,Autumn Lee,Martinez-Bishop,751,Aksi,2019,9.78243E+12,1,11/2/2024,Tersedia,Technology better feeling professional nation. Prevent across itself beyond.,0
B037,Generation easy,Cory Smith,"Valdez, Bean and Lambert",354,Psikological,1991,9.788E+12,2,1/3/2023,Tersedia,Shoulder stay raise know so organization because hard.,0
B038,Executive see body,Kim Baker,Reese Group,796,Slice of Life,1992,9.78716E+12,6,9/15/2024,Tersedia,Discuss writer event. Position among interesting well receive speak.,0
B039,East site,Jack Wright,"Bentley, Hull and Downs",223,Fantasi,1988,9.78483E+12,9,1/2/2023,Tersedia,Establish boy record space. Artist travel indeed listen much see must.,0
B040,Sea blood,Shelly White,Rangel LLC,280,Psikological,1992,9.7894E+12,7,6/17/2023,Tersedia,Movie actually sport drop you little war.,0
B041,Education best,Courtney White,"Farrell, Bentley and Vasquez",706,SciFi,2012,9.78961E+12,7,4/4/2024,Tersedia,Cup black nation. Car different plant policy east wind.,0
B042,Child around husband,Janice Jacobs,Wood LLC,227,Gore,1995,9.78873E+12,2,3/11/2023,Tersedia,Better about employee consider sound southern.,0
B043,Keep parent,Jonathan Dean,Martinez and Sons,242,Psikological,1990,9.78799E+12,1,4/23/2023,Tersedia,Main central rest lead listen chance.,0
B044,Side phone,Patrick Cook,Wilson-Richards,779,Horor,2019,9.78861E+12,10,4/29/2023,Tersedia,Position campaign business agency example. Career fear level a wide civil.,0
B045,Alone,Andrea Bright,Rogers Inc,288,Comedi,2019,9.78851E+12,2,6/21/2023,Tersedia,Yard seek probably public pressure. All true his trade beautiful event.,0
B046,Partner several,John Decker,Rodriguez LLC,515,Romantis,2005,9.78764E+12,9,5/28/2023,Tersedia,Television base have energy. Others expert occur approach environment bad wish.,0
B047,Notice program spring,Cindy Anderson,"Johnson, Atkinson and Rodriguez",173,SciFi,1996,9.78526E+12,2,5/7/2023,Tersedia,Human score challenge. Society important leader book level trouble choice.,0
B048,Provide see nice,Jacob White,Shelton-Rivera,613,Comedi,1990,9.789E+12,10,9/11/2023,Tersedia,Many add since there feeling. West different job.,0
B049,Focus new,Denise Jones,"Eaton, Mitchell and Hull",341,Psikological,2004,9.7861E+12,9,8/9/2023,Tersedia,Hard plant kind participant have situation.,0
B050,Forward might ago,Christopher Blair,Stone Ltd,258,Romantis,2008,9.7878E+12,1,3/15/2025,Tersedia,Forward business community form law law way. Present no just entire.,0
B051,Pull movement,Dan Small,"Carrillo, Whitney and Schultz",764,Romantis,1987,9.78201E+12,1,8/7/2024,Tersedia,Get old small seven source Congress.,0
B052,Mr figure,Chad Dougherty,Ruiz PLC,138,Gore,2021,9.78311E+12,3,8/4/2022,Tersedia,Health week Democrat maintain door. Lose opportunity could.,0
B053,Again very focus,Katie Ibarra,"Mitchell, Smith and Garner",652,Teknologi,1986,9.782E+12,1,2/15/2024,Tersedia,Season property all leg recent hit wish.,0
B054,Reveal most prevent,Jennifer Martinez,Thomas-Elliott,596,Horor,2014,9.78343E+12,3,7/24/2024,Tersedia,Call international same woman executive mother evidence.,0
B055,Theory make,Brent Rhodes,Sanchez Group,126,Slice of Life,2017,9.78786E+12,10,2/10/2024,Tersedia,Occur whom find lot news. Forward someone cost participant process would.,0
B056,Writer,Debra King,Randolph PLC,678,Drama,1990,9.78844E+12,4,12/25/2024,Tersedia,Visit resource suffer increase game identify.,0
B057,Appear note rest,David Montgomery,"Romero, Howard and Maldonado",485,Romantis,2023,9.78618E+12,4,6/20/2022,Tersedia,Their economic development something affect. Area none catch west through.,0
B058,Force continue join,Brian Ortiz,Garcia Inc,227,Psikological,2004,9.78796E+12,8,4/14/2023,Tersedia,Serious surface executive officer. Investment glass forget.,0
B059,Second leg,Jacqueline Thomas,Espinoza-Powell,768,Romantis,1999,9.7896E+12,6,6/27/2023,Tersedia,State must book today deep everyone.,0
B060,Spend market rate,Zoe Newman,"Ramirez, Taylor and Morales",680,Comedi,2001,9.78785E+12,3,6/23/2024,Tersedia,Event stay wall. Seem pay senior race reflect.,0
B061,Size standard,Jeffrey Curry,Brewer-Phelps,211,Teknologi,2017,9.7844E+12,3,8/10/2023,Tersedia,Policy play nature evidence hospital country. Magazine simply job truth.,0
B062,Attack behavior,Sabrina Griffith,Martinez LLC,339,SciFi,2001,9.78436E+12,4,5/4/2023,Tersedia,Natural administration strategy military girl control.,0
B063,Shoulder officer,Molly Hansen,Simpson Ltd,628,Romantis,2016,9.78416E+12,3,7/25/2022,Tersedia,All line floor science hear. Whom star major line suddenly serious.,0
B064,Toward main,Robert Stevens,"Blanchard, Davidson and Jackson",721,Romantis,1997,9.78813E+12,4,11/29/2024,Tersedia,Position wall serious hard red current general. Thank real miss.,0
B065,Present western order,Craig Freeman,"Travis, Lawson and Lewis",705,Fantasi,1990,9.78876E+12,7,10/17/2024,Tersedia,High sound sing best look store always. Wide population pull despite.,0
B066,Treatment between,Felicia Lopez,"Walton, Andrews and Hamilton",392,Psikological,2016,9.78772E+12,2,7/13/2023,Tersedia,Dinner fire call window nearly song. Half north heavy talk.,0
B067,School hair,Penny Obrien,Mullins and Sons,414,Psikological,2016,9.78357E+12,6,8/13/2024,Tersedia,Away important spend American college need ok.,0
B068,Happen suggest attack,Karen Boyd,Wyatt Group,352,Fantasi,2010,9.78904E+12,3,8/21/2023,Tersedia,Few development five general shoulder. Candidate old science pay until.,0
B069,Relationship last yeah,Ronald Johnston,"Miller, Stark and Jones",422,Drama,1990,9.78523E+12,4,7/25/2022,Tersedia,Assume four act clearly result ready those.,0
B070,Nation site different,Marisa Patterson,Wilkins-Page,117,Drama,1985,9.78493E+12,8,4/20/2024,Tersedia,Both court same west TV live hundred. Major may spend upon pretty meet how.,0
B071,Responsibility air,Kayla Ramirez,Brewer-Gutierrez,299,Slice of Life,2021,9.7894E+12,3,10/18/2022,Tersedia,Employee forward available staff media its attorney sure.,0
B072,Garden mind,Derek Pearson,"Dyer, Bean and Rodriguez",116,Comedi,2009,9.78424E+12,10,7/3/2022,Tersedia,Fight others involve believe. Term recent political design finish him.,0
B073,Race Republican,Margaret White,Hancock Ltd,336,Psikological,2013,9.78281E+12,2,11/29/2023,Tersedia,Boy someone personal position recognize nothing machine.,0
B074,Tv all find,Cheryl Murphy,Simpson-Schroeder,391,Romantis,1991,9.78481E+12,6,7/5/2022,Tersedia,Sure education investment experience its. Stop ground art child necessary.,0
B075,Cup believe away,Victoria Martinez,"Miller, Warner and Johnson",597,Psikological,2003,9.7862E+12,4,8/8/2023,Tersedia,Anything brother long good doctor process. Great begin determine street.,0
B076,Bed speech,Catherine Jones,Bryant Group,585,Horor,2023,9.78209E+12,9,5/3/2024,Tersedia,Maybe series teacher foreign develop room remember.,0
B077,American treatment question better,Terri Payne,Miller-Nelson,146,Fantasi,1982,9.78557E+12,10,11/12/2023,Tersedia,Crime quite risk table. Call morning give former.,0
B078,Wall short,Gabrielle Compton,Reyes PLC,561,Horor,2014,9.78286E+12,10,10/16/2022,Tersedia,Everything base answer. Open wish particularly adult medical.,0
B079,All record walk,Jared Meadows,"Perez, Sampson and Nixon",187,Comedi,2003,9.78427E+12,3,11/12/2024,Tersedia,Wrong reduce prepare alone decade response analysis.,0
B080,Listen data,Travis Barker,Lee and Sons,332,Drama,1981,9.78205E+12,1,9/17/2024,Tersedia,Three administration control whom page voice miss child.,0
B081,Person last,Katie Sullivan,Burton Group,668,Fantasi,1987,9.78614E+12,8,8/11/2023,Tersedia,Learn whom again choose food market there.,0
B082,Record low southern,Aaron Curtis,Conley-Morris,254,Horor,2018,9.78203E+12,4,11/11/2022,Tersedia,Agent heavy feeling. Add administration determine perhaps class model every.,0
B083,Unit officer lawyer,Martin Brown,"Gardner, Hamilton and Kim",223,Slice of Life,2023,9.78353E+12,5,1/22/2025,Tersedia,In suffer receive us good. Interesting fear nice leg build west.,0
B084,Everybody couple detail,Kevin Anderson,"Martin, Dominguez and Schmidt",527,Fantasi,1986,9.78464E+12,9,6/25/2022,Tersedia,Lawyer smile fall unit reduce include finally.,0
B085,Any,Steven Williams,Boyd-Robinson,555,Romantis,1980,9.78728E+12,2,8/29/2022,Tersedia,And positive nation car blue current which.,0
B086,West fly note democratic,Tammy Young,Castaneda-Castro,541,Aksi,1998,9.78752E+12,1,1/31/2025,Tersedia,Friend begin action. Employee nothing couple name your worker available.,0
B087,Want fish,Matthew Sharp,Campbell Inc,235,Psikological,2015,9.78105E+12,8,12/12/2023,Tersedia,Threat provide structure very carry move say.,0
B088,Talk American,Allison Richardson,"Crawford, Martinez and Allen",661,Fantasi,1998,9.78385E+12,8,12/11/2022,Tersedia,I you newspaper ability by phone. Few class his really health attack task like.,0
B089,Western sport,Brooke Simon,"Griffith, Gilbert and Perkins",770,Drama,2010,9.78207E+12,2,6/18/2024,Tersedia,Imagine major above certainly gas time wall half.,0
B090,Fall fine a,Brian Gonzales,"Powell, Nunez and Espinoza",650,SciFi,1989,9.78629E+12,9,6/12/2024,Tersedia,Often property girl. Light you work quality fly. Skin true really.,0
B091,Assume likely teach follow,Michael Proctor,Carney Inc,552,Slice of Life,1989,9.78615E+12,10,5/3/2025,Tersedia,Whole beyond water health less near trial. Goal although reality item.,0
B092,Discover after understand,Erik Kelly,Doyle and Sons,752,Comedi,2005,9.78418E+12,3,2/9/2024,Tersedia,His source popular economic ok outside.,0
B093,Watch seven performance,Christopher Hendricks,Banks Ltd,559,Gore,1982,9.78232E+12,1,12/25/2022,Tersedia,Seven then light mean. Sense body store decade pretty issue Congress.,0
B094,Main senior,Carol Rodgers,Jones-Hall,500,Slice of Life,2019,9.78515E+12,2,4/28/2023,Tersedia,Ever from use. Resource force never value soldier.,0
B095,Effort serious,Bonnie Weaver,Moore PLC,179,Aksi,2002,9.78616E+12,5,5/25/2025,Tersedia,Offer after world college treat open country.,0
B096,Assume task,Lisa Brown,"Dixon, Cook and Anderson",190,Gore,1986,9.7889E+12,8,12/31/2023,Tersedia,Young behind court read offer medical trip.,0
B097,New support well,Patricia Chen,Willis-Harris,142,Horor,2015,9.78846E+12,3,5/24/2025,Tersedia,Up hope home data I environmental artist.,0
B098,Little law,Rachel Santiago,"Horton, Reilly and Mann",500,Teknologi,2018,9.78272E+12,8,1/4/2023,Tersedia,Account foreign successful pick. So Democrat indicate seek old why.,0
B099,Career parent sing,Fernando Wang,Pierce-Thomas,255,Gore,1997,9.78382E+12,3,4/3/2024,Tersedia,Page understand identify cover. Often other last ahead phone.,0
B100,Dark church,Michelle Hopkins,Lara LLC,361,Psikological,1992,9.78118E+12,4,3/21/2025,Tersedia,Customer company successful collection government require.,0
B101,Within picture religious,Andrew Clarke,Bell-Stevens,279,Psikological,2009,9.78508E+12,1,7/21/2022,Tersedia,Politics her officer opportunity save media.,0
B102,May current,Nathaniel White,Carter Inc,132,Fantasi,2011,9.7822E+12,4,8/6/2024,Tersedia,Official quickly environmental. Particular him perhaps chair set.,0
B103,College their central show,John Dyer,Lucas-Bauer,480,Gore,2014,9.78652E+12,9,2/11/2025,Tersedia,Decision structure step body physical method.,0
B104,Every type,Kaylee Rocha,Moody Group,305,Drama,1984,9.78545E+12,2,9/7/2023,Tersedia,Old executive century development.,0
B105,Wonder may,Tara Avery,"Phillips, Hudson and Perez",514,Drama,2023,9.78433E+12,7,5/16/2023,Tersedia,From tonight century hair like run likely. Today occur voice.,0
B106,Nor north,Lori Bailey,"Gomez, Castillo and Weiss",405,Psikological,1986,9.78633E+12,10,5/10/2025,Tersedia,Front color medical arrive. Will five girl physical.,0
B107,Tonight test relate,Barbara Morton,"Miller, Dixon and Barber",732,Teknologi,2008,9.78597E+12,8,12/9/2024,Tersedia,Painting his response think nor describe support. Within property knowledge be.,0
B108,Service push,Carolyn King,"Roach, Patterson and Holland",712,Horor,2022,9.78943E+12,10,4/6/2024,Tersedia,Approach measure indeed risk four.,0
B109,Recently protect lawyer,Rachel Webb,Oconnor-Avila,263,SciFi,1986,9.78955E+12,6,12/25/2024,Tersedia,Serve management movie others lot.,0
B110,Purpose dinner out,Nicholas Dominguez,"Anderson, Gonzalez and Mcdonald",560,Horor,2017,9.78957E+12,10,4/30/2025,Tersedia,Save marriage hear include discussion case.,0
B111,After loss world,Christine Quinn,Hansen-Morton,625,Drama,2021,9.78155E+12,7,9/17/2022,Tersedia,Action among behind occur medical art in.,0
B112,Join exactly,Steven Brown,"Mcneil, Jimenez and Cruz",202,Drama,2023,9.78489E+12,7,2/13/2025,Tersedia,Exist keep onto mother determine. Street who role side know.,0
B113,Modern board,Jacob Santana,"Obrien, Fisher and Coleman",468,Aksi,2002,9.78414E+12,5,7/4/2024,Tersedia,Bill foot research few. Church citizen dinner whole occur.,0
B114,Rather training close,Angela Wright,Sanchez-Jackson,786,Horor,1980,9.78669E+12,7,3/25/2025,Tersedia,Exactly green federal everyone ahead debate.,0
B115,Picture possible,Brian Smith,"Johnson, Brown and Newton",744,Horor,1994,9.78273E+12,5,7/14/2023,Tersedia,Prevent same our suddenly. Sea beat treat allow.,0
B116,Executive never child,Adam Porter,Morrow Inc,699,Teknologi,2008,9.78887E+12,1,6/14/2023,Tersedia,Small nature explain reach game. Seek generation choose Democrat.,0
B117,Information strategy off organization,Danielle Lawrence,Willis LLC,330,SciFi,1996,9.78601E+12,4,12/9/2023,Tersedia,Wait glass pass our tonight hour order.,0
B118,Concern college defense,Andrew Tate,Fisher and Sons,571,Slice of Life,1990,9.78911E+12,5,4/21/2023,Tersedia,Establish must school available player answer. Chance memory practice.,0
B119,Public health,Michelle Brown,Clay Ltd,567,Aksi,1981,9.78705E+12,9,9/16/2024,Tersedia,Pass edge rise event. Why near particularly technology.,0
B120,Own anything public,John Rubio,Ellis-Salas,225,Teknologi,1983,9.78826E+12,8,8/20/2022,Tersedia,Close difference attention position fine head actually.,0
B121,Low table leave,Nicholas Williams,"Brown, Hunt and Wood",446,Aksi,2023,9.78564E+12,4,5/15/2024,Tersedia,Instead international red high compare away bank. All police guy wall.,0
B122,Safe wall president,Mia Johnson,"Campbell, Fisher and Bradford",482,Psikological,1995,9.78671E+12,8,4/14/2025,Tersedia,Finish half glass state trade rather recent. Standard such away.,0
B123,Agency worker standard,John Olsen,Pierce LLC,463,Aksi,2005,9.78735E+12,1,4/13/2024,Tersedia,Once husband especially seat executive star.,0
B124,Prepare coach even,Andrew Campbell,Bradley-Carey,345,Psikological,2004,9.78306E+12,4,12/25/2022,Tersedia,Need attorney board. Stock right authority often responsibility.,0
B125,One reason,Mark Johnson,Crosby-Haas,325,Teknologi,2001,9.78891E+12,5,2/7/2024,Tersedia,Blood how book action. Many popular near ability hope so.,0
B126,Total laugh,Brittany Hogan,"Johnson, Chambers and Lewis",527,Fantasi,2015,9.78292E+12,5,7/15/2023,Tersedia,No she budget decision. Race eye laugh feel ahead detail just.,0
B127,Blue laugh,Heather Johnson,"Martin, Burgess and Lewis",719,SciFi,2010,9.78862E+12,8,12/23/2023,Tersedia,Year television population reveal truth cut hear. Nearly next success.,0
B128,Class eye thousand,Scott Porter,"Diaz, Norman and Carter",779,Slice of Life,2012,9.78412E+12,3,4/18/2024,Tersedia,That main maybe series. Else size hot any.,0
B129,Despite police,James Allen,Cox-Burke,636,Slice of Life,1986,9.78778E+12,2,1/4/2025,Tersedia,Fill happy team start others. Crime choice style drop behavior church.,0
B130,Feel pay,Kelly Miller,Palmer and Sons,234,Comedi,1985,9.78607E+12,1,12/7/2022,Tersedia,Security in feel order market family.,0
B131,Understand wrong,Sharon Woods,Chen Ltd,694,Horor,1998,9.78491E+12,7,5/29/2023,Tersedia,Religious he again begin law find month. Later forward Mrs daughter data goal.,0
B132,Light suddenly student,Edward Gonzalez,"Acevedo, Levy and Chapman",505,Psikological,1999,9.78955E+12,7,11/26/2024,Tersedia,Prevent one right condition lead shoulder practice would.,0
B133,Foreign much wife,Gregory Wiley,Rodriguez Ltd,214,Comedi,2008,9.78371E+12,6,3/8/2023,Tersedia,Test result agreement arrive really hope artist.,0
B134,Take policy,Travis Johnston,"Payne, Henson and Church",405,SciFi,1983,9.78677E+12,10,1/29/2023,Tersedia,Success adult population tonight happy audience street. Fill color leader.,0
B135,Everybody,Michael Gutierrez,"Meza, Rodriguez and Duncan",130,Horor,1986,9.78599E+12,8,3/22/2023,Tersedia,Training director beyond never range. Data put daughter himself.,0
B136,Suddenly past mean,Dr. Ashley Cordova,"Ellis, Owens and Potter",344,Aksi,2010,9.78449E+12,6,2/26/2023,Tersedia,Science agency good condition life do. College financial Mr food marriage.,0
B137,American report,Travis Drake,Sellers Ltd,183,Teknologi,2007,9.78931E+12,5,2/20/2025,Tersedia,Moment send over environment stock. Technology part include play.,0
B138,Raise,Steven Lowe,Lopez-Russell,574,Teknologi,2022,9.78633E+12,10,11/22/2022,Tersedia,Professional song cell account history. Pm end fast.,0
B139,Long traditional,Michael Anderson,Romero LLC,460,Horor,1999,9.78772E+12,9,2/5/2023,Tersedia,Follow yourself whatever car early available represent. House cut yeah.,0
B140,Health manage without,Eugene Martinez,"Boyd, Ortiz and Small",228,Romantis,2006,9.78882E+12,3,12/15/2022,Tersedia,Perhaps but police cell later national.,0
B141,Best say,Christina Mccoy,Moore Inc,187,Psikological,2006,9.78874E+12,9,3/13/2025,Tersedia,Record may participant writer morning.,0
B142,Pick both myself,Kristen Torres,"Long, Michael and Choi",279,Fantasi,2000,9.78337E+12,1,2/27/2023,Tersedia,Head new reduce lot development. Technology significant specific.,0
B143,Manage hit chance,Richard White,Martin-Gonzalez,501,Fantasi,1986,9.78791E+12,8,10/26/2024,Tersedia,Adult tree away top tax front brother. Can within goal rather onto beautiful.,0
B144,Just,David Kim,Morris-Gentry,225,Slice of Life,1995,9.78197E+12,7,1/13/2023,Tersedia,Against build second work professional miss.,0
B145,Sign maybe,Alyssa Coleman,"Brown, Mccullough and Hester",697,Horor,2023,9.78933E+12,4,1/15/2024,Tersedia,Range small much seat. Summer friend high music special.,0
B146,Possible,Thomas Santos,Goodman-Scott,465,Gore,1996,9.78193E+12,5,3/6/2025,Tersedia,Ground young million new happen. Speak end past first film.,0
B147,Worker pattern,Jonathan Shah,Logan Inc,104,SciFi,2016,9.78608E+12,3,5/28/2024,Tersedia,Claim guy him. Generation true member perform. Alone risk realize role can.,0
B148,Country,Sarah Scott,"Watkins, Fisher and Bell",720,Fantasi,1989,9.78325E+12,6,5/4/2025,Tersedia,Room improve citizen customer buy full board.,0
B149,His reduce,Mark Summers,Burke-Lopez,746,SciFi,2010,9.78331E+12,4,2/23/2025,Tersedia,Business black physical paper. So these form ever power the sign produce.,0
B150,Agency customer,Edward Castro,Lewis Ltd,433,Comedi,1998,9.78852E+12,4,7/15/2022,Tersedia,Yes their civil religious. Forget boy guess model look rather.,0
B151,Wind dream,Samuel Bennett,Bush and Sons,507,Psikological,2006,9.78357E+12,5,12/7/2023,Tersedia,Treatment decision something. Place light give.,0
B152,Back person spring,Lisa Bishop,Cortez-Rowe,312,SciFi,1999,9.78424E+12,7,10/17/2022,Tersedia,Cultural hair series truth case base. Ahead them job team.,0
B153,At scientist current,Megan Baker,Hunt-Stuart,125,Teknologi,2004,9.7848E+12,6,2/20/2023,Tersedia,Many charge drive service indeed leg.,0
B154,Leader vote,Amy Green,Odonnell Inc,292,Fantasi,2009,9.78358E+12,2,5/22/2024,Tersedia,Chair talk speech security dream unit. Development which cultural home.,0
B155,Total gas step,Stephen Campbell,Henderson-Harper,769,Aksi,2013,9.78177E+12,2,11/10/2022,Tersedia,Mean rate thank rather nation. Work down cut treat business follow camera.,0
B156,Writer audience hand,Adam Pierce,Barton PLC,747,Horor,1996,9.78497E+12,4,6/10/2023,Tersedia,Process day top tough. True laugh character television agency glass happen.,0
B157,Well arm,James Thompson,James-Waller,507,Slice of Life,1996,9.78554E+12,3,11/27/2023,Tersedia,Goal clear summer. Onto less less kitchen some among.,0
B158,Throw possible issue,Michael Stewart,Bailey-Weaver,235,Romantis,1995,9.78792E+12,5,12/19/2023,Tersedia,Soldier address reduce expect. Enjoy simple paper call only reflect now.,0
B159,Standard member,Laura Walker,Mercer-Howard,637,Gore,1993,9.78436E+12,1,9/23/2024,Tersedia,Child smile range arm result another.,0
B160,Clearly purpose little,Sarah Allen,Sanders and Sons,368,Aksi,2017,9.78694E+12,10,5/19/2025,Tersedia,Happen best half though market half. Six movement entire cell stock.,0
B161,Site,Brian Hopkins,Brown LLC,313,Gore,1987,9.78854E+12,7,8/1/2023,Tersedia,Media eat and hospital right discussion identify.,0
B162,Road join wish,Joseph Davis,Lamb LLC,562,Comedi,1988,9.78985E+12,10,12/23/2022,Tersedia,Recently simple say party north part. Accept team will.,0
B163,Ago may,Jimmy Brown,"Camacho, Espinoza and Hill",761,Aksi,2014,9.78312E+12,6,10/12/2024,Tersedia,Manage example politics why program.,0
B164,Six race,Tammy Brown,"Howell, Johnston and Huerta",216,Aksi,2014,9.78113E+12,2,7/7/2024,Tersedia,Stop past may these say. Performance sit skin likely consumer role.,0
B165,Agency analysis despite Mr,Dana Woods,"Garcia, Ramirez and Reeves",300,Teknologi,1987,9.78282E+12,5,8/27/2023,Tersedia,Upon consumer brother about author. She sort no amount short.,0
B166,Exist seem,Gabriel Clark,Mccoy-Dunn,338,Aksi,2010,9.78761E+12,8,2/22/2024,Tersedia,Become reality wear enough image. Start five radio follow or help.,0
B167,Apply blue space,Brandon Mccarty,Lee and Sons,112,Drama,2010,9.78114E+12,6,6/12/2022,Tersedia,Both may history available. Campaign give improve argue. Wall school oil see.,0
B168,Accept describe,Amy Perez,Mclaughlin Ltd,324,Horor,2012,9.78229E+12,8,5/22/2025,Tersedia,Picture nature list drive side model begin. Focus else try cover trial medical.,0
B169,Reason office husband all,Annette Bowen,Walker-Montes,346,Aksi,1990,9.78517E+12,10,12/13/2022,Tersedia,Tough imagine bank maybe sometimes more.,0
B170,However head former,Laura Hunter,"Watson, Davis and Garcia",517,SciFi,2003,9.78409E+12,2,11/17/2024,Tersedia,Book it mouth spend window soon voice can.,0
B171,Suddenly relate,David Chavez,Johnson and Sons,776,Gore,2012,9.78688E+12,2,9/1/2024,Tersedia,Leg several doctor environment raise.,0
B172,Seem second,Robin Williams,Shaffer LLC,148,SciFi,1991,9.78858E+12,2,6/20/2022,Tersedia,Interview box here line.,0
B173,Red best,Jennifer Bailey,Owens LLC,410,Aksi,2003,9.78538E+12,1,12/20/2024,Tersedia,Moment necessary certain edge sort near three.,0
B174,Result page,Jose Richardson,Elliott-Mora,616,Comedi,2012,9.78637E+12,5,10/16/2023,Tersedia,Entire toward worker hour someone sort long. Rate subject either scene course.,0
B175,Real participant sound,Jennifer Herrera,Johnson-Johnson,268,Teknologi,2004,9.78662E+12,5,1/31/2025,Tersedia,Next day operation church risk others. Around energy cut rate.,0
B176,Officer last,Melissa Mcgee,"Garner, Castillo and Barnes",372,Gore,1982,9.78721E+12,1,12/12/2022,Tersedia,Federal minute chair face fast executive nearly during.,0
B177,Place color,Larry Oconnor,Vasquez Inc,558,Horor,2012,9.78813E+12,10,4/20/2024,Tersedia,Affect involve their nearly themselves.,0
B178,Sure when peace series,Michael Jones,Harris-Robbins,157,Romantis,2008,9.78641E+12,8,4/20/2024,Tersedia,Even still know order sport support police room. Edge event on.,0
B179,Market method,Matthew Shaw,Garza-Cook,368,Comedi,1981,9.78993E+12,6,4/24/2023,Tersedia,Energy general picture begin. Work society cost land.,0
B180,Participant firm,Robert Taylor,Thompson-Smith,448,Aksi,2003,9.78271E+12,7,7/14/2022,Tersedia,Contain teacher food. Director agent whom specific both about.,0
B181,Father,Mrs. Jennifer Smith,Cox LLC,491,Fantasi,2016,9.78912E+12,9,1/4/2025,Tersedia,Civil only five evening line institution. Two that attorney cover individual.,0
B182,List adult and agreement,Linda Carter,"Walker, Moore and Diaz",605,Teknologi,1989,9.78697E+12,8,8/11/2022,Tersedia,Chance throw that view detail director time entire.,0
B183,Deal arrive,Anne Holt,Arnold Group,550,Romantis,2021,9.78974E+12,3,8/5/2024,Tersedia,Man director quickly majority minute six. Husband less adult month.,0
B184,After note cultural,Kenneth Brown,"Key, Liu and Morales",764,Gore,1989,9.7864E+12,1,12/5/2024,Tersedia,Fund action begin anything alone remain through give.,0
B185,Show sister,Debbie Vaughn,Willis PLC,379,Comedi,1989,9.78669E+12,8,11/14/2023,Tersedia,Help him listen own example sell fast.,0
B186,First alone,Todd Gomez,Meyer-Bullock,461,Romantis,1996,9.784E+12,6,11/1/2023,Tersedia,National service oil occur evidence. Develop often big above tonight.,0
B187,Similar wall fast,Susan Johnson,Gonzalez-Davis,691,Aksi,2022,9.78229E+12,4,8/31/2024,Tersedia,Those parent whom. Loss quality house trade wish out sing.,0
B188,Television reveal sit,Jamie Hernandez,"Mccarthy, Stephenson and Murray",163,Psikological,2019,9.78409E+12,6,2/13/2024,Tersedia,Result painting month section reach baby least.,0
B189,Protect final draw,Kristen Davis,"Alvarez, Williams and Brown",303,Teknologi,1991,9.78664E+12,10,11/26/2022,Tersedia,Whose where television bring. Tree food too that appear provide experience.,0
B190,Investment member,Tracy Ross,Davis-Moreno,297,Comedi,1989,9.78699E+12,3,8/29/2024,Tersedia,Discover onto continue nice. Particular long piece part themselves evening.,0
B191,Song according,Michael Jackson,Thompson-Rosales,166,Gore,1996,9.78251E+12,7,7/26/2023,Tersedia,When let treat sister man. Ago step book stuff trouble point.,0
B192,Force data,Christopher Long,"Thompson, Turner and Hogan",312,Drama,2008,9.78164E+12,8,6/13/2022,Tersedia,Listen look onto when west more.,0
B193,Himself type,Elizabeth Lara,"Ross, Green and Mcguire",115,Drama,1999,9.78238E+12,7,6/9/2023,Tersedia,Modern exist leader enter sell fill sister.,0
B194,Statement second,Hector Carson,"Lindsey, Sanchez and Lee",478,Comedi,1995,9.78821E+12,6,11/1/2023,Tersedia,Worker total between its discussion size go development.,0
B195,Lawyer bar audience,Elizabeth Turner,"Schultz, Burns and Gill",764,Horor,1998,9.78799E+12,9,12/22/2022,Tersedia,Cover marriage build. Camera discussion man reason any debate.,0
B196,Seek through miss,Jacob Harrison,Cook PLC,662,Aksi,2006,9.78962E+12,2,11/24/2022,Tersedia,Send chance usually heart heavy house performance. Prevent seek why play might.,0
B197,Beyond yard tell,Jasmin Kelly,"Brooks, Hill and Wilkinson",702,Drama,2016,9.78561E+12,2,11/4/2024,Tersedia,Single event appear. Push avoid put man.,0
B198,Road,Brett Morrow,Edwards Ltd,611,Fantasi,1984,9.78918E+12,8,11/22/2022,Tersedia,Give first light reason lot. Affect avoid race morning spring us.,0
B199,Face gun that,Ray Coleman,Hunt-Hansen,679,Comedi,1995,9.78111E+12,3,5/23/2023,Tersedia,Once her take month success watch cover. Full yes nice.,0
B200,While dog writer,Allison Hicks,"Friedman, Adams and Woods",149,Teknologi,2021,9.7846E+12,3,10/3/2023,Tersedia,Again sound fact member. Animal offer yes people each.,0
B201,See stand college,Chad Saunders,"Elliott, Williams and Patterson",775,Gore,2022,9.78305E+12,10,3/8/2024,Tersedia,Affect check sit language police week five choose.,0
B202,Travel probably,Daniel Wilson,"White, Stephens and Beck",674,Drama,2014,9.78224E+12,6,4/4/2023,Tersedia,Hope right firm able. Fill study goal these.,0
B203,Partner official,Megan Gonzalez,"Smith, Young and Wells",584,Psikological,2015,9.7812E+12,4,6/27/2022,Tersedia,Outside cut point force attorney. Concern key large wait.,0
B204,Relate believe half,Steven Gardner,Armstrong-Mitchell,185,Horor,2017,9.78211E+12,7,1/18/2023,Tersedia,Suggest together consumer throughout cold than condition.,0
B205,Do call,Lori Martin,Sims PLC,243,Drama,2016,9.78319E+12,7,12/26/2022,Tersedia,Usually themselves fight particular their staff standard tax.,0
B206,Daughter cup,Evan Blankenship,Hull-Anderson,235,Horor,1983,9.7844E+12,8,10/15/2022,Tersedia,Treatment summer miss thought. Catch south why pattern.,0
B207,Back toward,William Harvey,Vasquez Inc,387,Teknologi,1989,9.78204E+12,7,7/1/2024,Tersedia,Kid light theory authority radio reveal lawyer score.,0
B208,Serve my,Matthew Lin,"Middleton, Snyder and Parker",427,Fantasi,2021,9.78653E+12,1,5/28/2024,Tersedia,Director require clearly between idea century note public.,0
B209,High without tax house,Jonathan Butler,"Matthews, Nunez and Bowman",652,Teknologi,2017,9.78995E+12,3,10/30/2023,Tersedia,Answer no community finish day.,0
B210,Professional region,Michael Price,Campbell-Acosta,762,Fantasi,2011,9.7895E+12,8,2/25/2025,Tersedia,Something something support just. Focus discover him clear set southern speak.,0
B211,Month customer happen,Paul Valenzuela,Duran and Sons,290,Teknologi,2018,9.78416E+12,6,5/19/2024,Tersedia,Discover them study today office price Democrat.,0
B212,Win beat specific,Bryan Duncan,"Scott, Jenkins and Woods",264,Slice of Life,1991,9.78956E+12,7,10/8/2024,Tersedia,Look begin without early late face. Move listen himself experience.,0
B213,Manager phone including,Timothy Howard,Tapia PLC,647,Psikological,2022,9.78462E+12,7,6/28/2022,Tersedia,To baby ever everything agreement sound improve. Chance suffer than investment.,0
B214,West sound,Michael King,Burns-Larson,656,Psikological,1991,9.78577E+12,6,2/9/2025,Tersedia,Who him wide director song rather. Single shake allow two baby.,0
B215,Half arm our,Dawn Miller,Adams-Armstrong,656,Teknologi,2004,9.78573E+12,9,4/2/2024,Tersedia,Pick single by cut performance whether. Although size director hope wait sport.,0
B216,Home first,Lori Mcmillan,"Cooley, Martin and Evans",126,Slice of Life,2003,9.78508E+12,4,4/6/2025,Tersedia,Interesting scientist person born development letter.,0
B217,Have develop leader,Lisa Wilcox,"Hernandez, Lawrence and Sanchez",507,Psikological,2016,9.78396E+12,6,5/5/2024,Tersedia,Involve a federal one. Dark matter turn fall miss a. New safe power.,0
B218,That certain,Samantha Rodriguez,Rodriguez PLC,295,Horor,1995,9.78307E+12,3,3/19/2025,Tersedia,Age food gas science report. Enough kind event.,0
B219,Much west help no,Ruth Costa,Sanchez Ltd,302,Aksi,1996,9.78201E+12,3,5/24/2024,Tersedia,Throughout stage phone her project. His table site.,0
B220,Business kitchen ten nation,Roy Martinez Jr.,Walsh Group,137,Teknologi,2009,9.78832E+12,2,11/10/2023,Tersedia,First myself yet into let team history. Authority PM nature pass.,0
B221,Manage as office,Dawn Lopez,Gonzales-Clayton,657,Comedi,1990,9.78927E+12,7,11/16/2024,Tersedia,Message while former lose step. Region determine approach teacher.,0
B222,Tree,Zachary Davis,Powell LLC,612,Fantasi,2011,9.78308E+12,8,10/14/2023,Tersedia,Company film very already rate. Yourself quite take by low somebody case.,0
B223,Whatever goal note,Melissa Miles,Young-Stewart,469,Teknologi,1998,9.78544E+12,6,2/2/2023,Tersedia,Race phone two rather measure. Fly baby budget.,0
B224,Still plant stop nice,Sierra Davenport,Walters-Aguilar,279,Horor,2003,9.78377E+12,9,4/15/2023,Tersedia,Someone serve guy none produce. Alone place future.,0
B225,Back simple,Anthony Bush,Palmer Group,533,Drama,1985,9.78178E+12,6,10/26/2024,Tersedia,Hit easy hit Mr away manager six each. Start style financial man.,0
B226,Child,Ian Jackson,"Gilbert, Brooks and Nelson",759,Psikological,2006,9.78828E+12,9,5/3/2024,Tersedia,Account meet purpose sell door body appear. Town law hot something.,0
B227,Claim along,Julie Kelley,Campos-Johnson,583,Psikological,2001,9.78686E+12,4,3/20/2024,Tersedia,Trade smile student not. Just ready chance lead economy sing.,0
B228,Similar late whether,April Stevens,"Green, Shea and Hubbard",485,Aksi,2010,9.78611E+12,9,10/27/2022,Tersedia,Model card maintain time line court.,0
B229,Others perform defense,David Munoz,"Gonzalez, Barnes and Hartman",256,Psikological,2002,9.78864E+12,7,9/28/2022,Tersedia,Open interest alone look. Pass few skin bring fund.,0
B230,Budget television I,Frank Miller,"Roth, Mathis and Barajas",298,SciFi,2008,9.78444E+12,10,5/15/2025,Tersedia,Color strong data type between fly item.,0
B231,Market share turn,Peter Malone,"Dunlap, Russell and Horton",416,Aksi,2013,9.78686E+12,6,7/9/2024,Tersedia,Term maybe consider group middle. Street though evening according PM tough.,0
B232,Campaign experience,Michele Casey,Webb-Vega,518,Psikological,1997,9.78558E+12,1,8/18/2023,Tersedia,Building natural TV recognize land. Reduce fish summer attention account main.,0
B233,Again local life consider,Michael Jacobs,Pena Group,406,SciFi,2022,9.78356E+12,2,5/28/2025,Tersedia,Each successful process risk just medical. Enter perform commercial.,0
B234,Management again,Jackie Hill,Murphy Group,249,Drama,2017,9.78261E+12,3,11/14/2022,Tersedia,Material really success will billion company. Major assume adult project prove.,0
B235,Sport whatever,Matthew Alvarez,Taylor-Adams,625,Aksi,2003,9.78819E+12,6,3/19/2024,Tersedia,Feel drop analysis material do yeah dinner now.,0
B236,Visit worker,Charles Smith,Dennis Group,527,Drama,2002,9.78555E+12,4,7/15/2022,Tersedia,Book room room performance start happy. Economy usually business.,0
B237,Seem,James Boyle,Robinson-Patel,320,Comedi,2023,9.78719E+12,4,5/30/2025,Tersedia,With not money sometimes race why nation.,0
B238,Wind sport both,Shannon Thompson,Cole PLC,357,Fantasi,2022,9.78348E+12,9,9/6/2022,Tersedia,Security senior because. Fund positive main.,0
B239,Chance,Valerie Moses,Thompson-Lewis,761,Drama,2020,9.78323E+12,10,5/28/2023,Tersedia,Term enough catch live. Rather city even guy appear rule.,0
B240,Career news,Krystal Randolph,Foster-Rasmussen,111,Gore,2001,9.78647E+12,5,4/26/2024,Tersedia,Ability follow artist own. Than statement commercial do many.,0
B241,Present why against event,Tammy Martin,Walker Group,469,Horor,1984,9.78287E+12,10,2/23/2025,Tersedia,Scene seven red economy result.,0
B242,Cell daughter still,Laura Navarro,Arnold-Patterson,636,Horor,2016,9.7812E+12,1,1/15/2023,Tersedia,Remain both sense sell ready election action.,0
B243,Minute program left,Roy Jones,"Jones, Rose and Cruz",450,Aksi,1983,9.78258E+12,7,2/6/2025,Tersedia,Goal without strategy people attack very. Include far friend sound television.,0
B244,Look including consumer,Brady Ponce,Thompson-Arellano,533,Gore,2017,9.78245E+12,2,10/4/2023,Tersedia,Near these test audience. Throw build short guy. Accept recent teacher level.,0
B245,Social station stand,Joshua Brooks,Jacobs and Sons,613,Romantis,1997,9.78729E+12,5,11/26/2023,Tersedia,Seat start read other positive service.,0
B246,When both,Jennifer Fisher,"Cooper, Cohen and Adams",635,SciFi,1997,9.78411E+12,7,2/1/2023,Tersedia,Father miss ask collection field recently market doctor.,0
B247,Which sea,Candace Baker,Jackson PLC,360,Comedi,2005,9.7829E+12,6,6/14/2022,Tersedia,Success assume evidence whether. Identify measure have statement.,0
B248,Soon card lot,Carol Taylor,"Bowman, Bailey and Sullivan",777,Slice of Life,1993,9.78955E+12,9,10/16/2024,Tersedia,Month fear everyone series capital. Part to technology want movie.,0
B249,Middle name today,Tina Miller,Krause-Murray,767,Psikological,2013,9.78879E+12,10,7/6/2024,Tersedia,So happy money measure pick section. Picture kitchen line myself where.,0
B250,Take,Melissa Warner,Chan-Thornton,283,Aksi,1995,9.78472E+12,10,5/22/2024,Tersedia,Give or firm idea. Consumer its task another.,0
B251,Better force rate,Corey Pierce,"Owens, Chapman and Brown",450,Psikological,2001,9.78267E+12,9,10/17/2022,Tersedia,According because brother including quite.,0
B252,Gas position,Denise Romero,Gross-Garcia,193,Teknologi,2012,9.78226E+12,1,12/12/2022,Tersedia,Hit few free save. Feel onto how reveal leader.,0
B253,Today company,Jordan Kim,White-Gutierrez,753,Aksi,1986,9.78622E+12,3,6/23/2023,Tersedia,Officer character hair. Door book follow.,0
B254,Effect new,James Thomas,Williams PLC,694,Horor,1996,9.78939E+12,3,1/3/2024,Tersedia,Sing west right wear whole. Increase turn home when interest test fish history.,0
B255,Him memory cover boy,Bridget Ruiz,Sheppard-Hampton,507,Psikological,1981,9.78346E+12,10,8/7/2024,Tersedia,Executive civil size together. Recognize your she.,0
B256,Nation,Samantha Rivera,Terry Ltd,153,Gore,2007,9.78649E+12,8,12/11/2024,Tersedia,Understand like ability. Enough hour brother whatever water.,0
B257,Material option significant available,Leah Adams,"Branch, Monroe and Rodgers",527,SciFi,1989,9.7845E+12,1,9/28/2023,Tersedia,Partner military bit kid to. Rather meet everyone fill true knowledge record.,0
B258,Customer,Dr. Michael Terry PhD,"Frey, Smith and Bowman",648,Romantis,2015,9.782E+12,6,4/24/2025,Tersedia,Wrong you go after. Cause sea right nice yet crime because.,0
B259,Provide week,Kenneth Lee,Gibson-Ballard,107,Aksi,1988,9.78659E+12,10,12/2/2024,Tersedia,Test subject work center record key treatment wide.,0
B260,Can majority win,Karen Conley,Watkins Ltd,729,Comedi,2004,9.78205E+12,4,10/11/2023,Tersedia,Attack describe positive. Wife image politics stuff role.,0
B261,Left start car budget,Cristian Meyers,"Clark, Underwood and Robinson",377,Slice of Life,2007,9.78616E+12,5,10/26/2023,Tersedia,College to meeting author form.,0
B262,Agent financial letter,Andrea Daniel,"Cooper, Bartlett and Davis",118,Aksi,1999,9.78103E+12,3,6/7/2024,Tersedia,South hope space data only. Happen lose this clearly.,0
B263,Fish also material,Laura Allison,Burnett-Pearson,294,Drama,1985,9.78329E+12,2,1/11/2024,Tersedia,Nice exactly Republican similar western measure carry per.,0
B264,Nice animal figure,Susan Bauer,Gentry-Perkins,771,Fantasi,1998,9.7857E+12,5,1/12/2023,Tersedia,Around when impact blood. Despite behind general involve small both.,0
B265,Such scientist represent,William Tucker,Curry-Green,173,Slice of Life,2000,9.78836E+12,8,7/18/2024,Tersedia,Mr table these summer enter three.,0
B266,Summer expert expect,Laura Oconnor,Briggs LLC,319,Drama,1993,9.78168E+12,2,9/25/2024,Tersedia,House wide do leg. Individual lead service result.,0
B267,Company thus,Charles Graves,"Marshall, Williams and Keller",772,Horor,2018,9.78124E+12,5,10/21/2024,Tersedia,Where employee last record police off scene TV. Trip deal movie.,0
B268,First fine we,Ashley Reed,"Swanson, White and Bates",753,Psikological,1991,9.78652E+12,5,1/8/2024,Tersedia,Certainly they fall would alone sister old. Agree student decade force.,0
B269,Its fear own,Chad Johnson,"Roth, Rodriguez and Harper",277,Horor,1994,9.78653E+12,7,6/15/2023,Tersedia,Cell race soldier food tell small town.,0
B270,Just market stage,Ryan Taylor,"Porter, Harvey and Wilson",203,Romantis,2018,9.78523E+12,5,10/12/2024,Tersedia,Race at discussion rather. Individual police design wear.,0
B271,Tell father soldier,Andrew Wilson,Williams-Bradley,660,Psikological,2015,9.78763E+12,3,6/16/2023,Tersedia,Set resource play fall some. Bill dog example adult whether.,0
B272,Religious ago,John Decker,"Esparza, Ibarra and Vasquez",191,Slice of Life,2022,9.78408E+12,5,7/17/2022,Tersedia,Great clear professor tree chair. Great blood economy reduce before drug.,0
B273,Record huge,Patricia Martinez,Dixon-Carey,695,SciFi,2023,9.78884E+12,10,9/3/2024,Tersedia,Hour whose relationship stand memory plan think board.,0
B274,Population visit,Amanda Hansen,"Preston, Osborn and Hernandez",301,Teknologi,1988,9.78274E+12,10,7/14/2024,Tersedia,Gun concern effort nothing experience peace. Doctor increase point song.,0
B275,Stay action,Lorraine Farmer,Williams-Pearson,421,Teknologi,2007,9.78417E+12,5,1/13/2023,Tersedia,Season charge tell. Again every president and enough within her.,0
B276,Risk view,Brittany Chavez,Mason-Dawson,340,Psikological,2003,9.78255E+12,1,7/26/2023,Tersedia,Must citizen range. Account travel real activity try purpose person.,0
B277,Nearly,Barbara Frederick,Phelps Ltd,492,Drama,1982,9.78342E+12,1,1/31/2024,Tersedia,Believe somebody unit me really. Politics add campaign.,0
B278,Only crime,Gabriela Gonzales,Cox-Carter,748,Drama,2015,9.78932E+12,10,4/27/2023,Tersedia,Allow under north. Too provide within part. Official enough again project.,0
B279,Discussion them,Susan Rivers,Galloway Ltd,113,Drama,1987,9.78597E+12,2,11/9/2024,Tersedia,Physical sound dog. Small example Congress help during.,0
B280,Turn future discover,Patricia Wolf,Alexander Ltd,669,Slice of Life,2010,9.78563E+12,6,10/7/2024,Tersedia,Receive manage really. Race pattern however listen machine.,0
B281,Decide trial,Carolyn Williams,Kent-Davis,308,SciFi,2016,9.78785E+12,8,6/19/2023,Tersedia,To other world fire future. Fact child meet question line.,0
B282,Response five significant,Andrew Lopez,Key Group,335,Aksi,1994,9.78828E+12,7,4/24/2025,Tersedia,Mrs gun time collection practice others Congress. Choice charge field.,0
B283,Resource support,Debra Jones,Petersen Ltd,434,Romantis,1992,9.78299E+12,7,6/4/2022,Tersedia,Rather more occur decade everything best country eat.,0
B284,Senior say,Paul Ruiz,Lopez-Davis,191,Psikological,1984,9.78525E+12,8,9/12/2022,Tersedia,Current party add may draw body.,0
B285,Order,Michael Klein,Holland-Wolf,144,Gore,2000,9.78953E+12,5,7/10/2022,Tersedia,Rock fast economic catch. Attack ever suffer. Your about sing strong happen.,0
B286,Simply chance authority,Monica Mcdowell,"Soto, Harris and Chapman",431,Fantasi,1984,9.78472E+12,9,8/3/2022,Tersedia,Teach news success happen. Serve hit word within TV media.,0
B287,Term,Candace Jones,King and Sons,337,SciFi,1992,9.78613E+12,7,9/29/2023,Tersedia,Health sure time. Involve idea affect fly system enjoy.,0
B288,Interest economic matter,Sean Allen,Jackson Group,465,Aksi,1993,9.7859E+12,7,5/10/2024,Tersedia,Hotel small major military. Current role carry also amount skin my.,0
B289,War full,Cheryl Johnson,Cox-David,771,Slice of Life,1983,9.78223E+12,5,6/20/2023,Tersedia,Yes poor hope spend medical think. Catch across worry suggest woman clear true.,0
B290,Official image,Justin Leblanc,"Johnson, Oneal and Esparza",195,Fantasi,1997,9.78959E+12,2,6/18/2022,Tersedia,Spend few doctor couple long push various.,0
B291,Rock stay ground,Monica Summers,Jenkins-Marquez,573,Fantasi,1993,9.78369E+12,1,1/18/2024,Tersedia,Order rate treat political town north health.,0
B292,Particularly model reflect,Stacy Logan,"Miller, Payne and Castro",759,Comedi,1993,9.78807E+12,7,5/9/2024,Tersedia,Seek call more lay. Thought lay political stop nice soon loss learn.,0
B293,Career according method,Scott Chapman,Gallagher Ltd,165,Comedi,2010,9.78794E+12,2,11/15/2024,Tersedia,Lawyer pattern available. Writer deep beat late feeling.,0
B294,Right,Cory Snyder,Chapman Ltd,348,Psikological,2009,9.78874E+12,6,3/2/2023,Tersedia,Energy full operation another. Size study hour data enough bar man.,0
B295,Control exactly value,Justin Martin,Adams LLC,693,Psikological,1982,9.78291E+12,7,1/25/2023,Tersedia,Pass draw wide recognize be director management.,0
B296,Rise,Daniel Pitts,Bennett Inc,568,Comedi,1996,9.7878E+12,6,6/6/2023,Tersedia,Catch task involve. Nature door happy. Both forward near any plant left.,0
B297,Community administration former,Mr. Michael Young,Hernandez-Baker,508,Slice of Life,2011,9.78996E+12,3,4/17/2024,Tersedia,Cell letter building race election administration surface.,0
B298,Bar level,Lauren Carter,Jordan Inc,236,Drama,2014,9.7811E+12,8,11/18/2024,Tersedia,Common peace glass later different lot pass.,0
B299,Not yes girl,Russell Reid,Martin-Baker,760,Romantis,2009,9.783E+12,4,6/28/2023,Tersedia,Agent watch direction not good generation. Involve beat beyond anyone without.,0
B300,National down,Cheyenne Juarez,"Scott, Waller and Smith",676,Aksi,2007,9.78644E+12,5,7/15/2023,Tersedia,Election probably reflect order although reduce. Tough plant put couple.,0
B301,Agency old walk,Linda Anderson,"Matthews, Villarreal and Hall",470,Psikological,2008,9.78135E+12,8,10/26/2024,Tersedia,Close bit so this. Leg probably effect push speech though choose.,0
B302,Room result every,Anthony Baker,Stone-Hunter,310,Gore,2001,9.78924E+12,1,11/23/2023,Tersedia,Hundred near whole attack less. Media eye game sometimes.,0
B303,Mother call center,Kristin Rogers,Wilson-Carter,728,Teknologi,1994,9.78776E+12,3,12/30/2023,Tersedia,His herself move finish. Drug system yard scientist together herself.,0
B304,Add black wait,Cameron Rodgers,Davis-Ross,158,SciFi,1988,9.78426E+12,1,10/16/2023,Tersedia,Less painting believe speech store assume such peace.,0
B305,Pick,Jason Graham,Byrd LLC,290,Teknologi,1989,9.78218E+12,10,4/4/2023,Tersedia,Score return natural smile. Than government point usually.,0
B306,Give himself remain,Lisa Gomez,Dixon Inc,448,Gore,2015,9.78938E+12,10,1/1/2025,Tersedia,Street early join receive. Hair any laugh authority Mrs.,0
B307,Effort rather catch resource,Jose Ortega,Yu-Ramos,391,Teknologi,2008,9.78409E+12,10,9/6/2022,Tersedia,Similar character her save west. Fear her pick able.,0
B308,Parent evidence green,Sherri Gibson,Richardson-Jackson,724,Gore,2009,9.7893E+12,9,1/10/2025,Tersedia,Performance spring tell develop debate large simply situation.,0
B309,Step exist,Allison Bruce,"Ellis, White and Collins",749,Horor,1998,9.78536E+12,10,9/25/2024,Tersedia,Hand material soon matter.,0
B310,Recognize social,Brian White,"Lang, Walsh and Smith",552,Psikological,2004,9.78526E+12,2,7/18/2022,Tersedia,Strong what never join end defense. Cultural treatment identify should.,0
B311,Expert join mouth,Stephanie Mason,Robertson-Walker,437,Psikological,1996,9.78159E+12,8,8/15/2022,Tersedia,Table instead pay recognize office high woman.,0
B312,Score road,Kathy Santiago,Ramirez-Martinez,151,Romantis,1995,9.78107E+12,6,7/6/2024,Tersedia,Key letter idea ball cover ball.,0
B313,Purpose image,Julian Ruiz,Evans LLC,271,Slice of Life,1981,9.78278E+12,4,8/31/2022,Tersedia,May voice young. Would case certainly time. Very main fall represent test.,0
B314,End money,Ruben Snyder,Escobar-Rodriguez,569,Comedi,1996,9.78362E+12,5,4/7/2023,Tersedia,Film save American. Music century early cell better culture.,0
B315,Brother gun,Paige Santos DVM,Middleton-Webb,391,Slice of Life,1983,9.78834E+12,1,6/24/2023,Tersedia,Game outside artist decade national. She money ground big evening require.,0
B316,Congress me sound,Rachel Reed,Mora and Sons,534,Gore,1991,9.7888E+12,7,10/22/2022,Tersedia,Sit create voice fine case much soon. Human along generation see itself prove.,0
B317,Red former knowledge,Michael Barron,Smith Group,729,Gore,1988,9.78486E+12,2,4/1/2023,Tersedia,Group environmental training.,0
B318,Suggest hard partner,Christopher Greene,Garcia-Rodriguez,566,Slice of Life,1999,9.78661E+12,5,4/10/2025,Tersedia,Open reflect pretty term. Network song property or reveal.,0
B319,Impact all herself,Oscar Carroll,Galloway-Gonzalez,398,Teknologi,2007,9.78174E+12,6,10/19/2023,Tersedia,Authority family term fall. Meet theory movement manager figure.,0
B320,Car option person,Adrian Duffy,Banks PLC,642,Horor,2004,9.78497E+12,9,6/3/2022,Tersedia,Skin method allow member interview.,0
B321,Rest method,Jason Miller,"Newton, Ward and Barry",203,SciFi,2003,9.78791E+12,10,1/26/2025,Tersedia,Attack a treatment expert. News light occur until research sister history.,0
B322,Card not,Megan Cannon,Jimenez Group,181,Horor,1984,9.78683E+12,1,1/6/2024,Tersedia,Word world plan perhaps. Rather boy cultural two avoid join rest.,0
B323,As wait,Jonathan Newton,Harris-Jackson,250,Fantasi,1986,9.78381E+12,6,10/30/2024,Tersedia,End development use only develop beautiful. Tend church issue finally.,0
B324,Couple black painting,Anthony George,Roberson-French,715,Drama,2018,9.78707E+12,1,2/13/2025,Tersedia,Right degree base put again training. His half myself direction increase.,0
B325,Nation whole,Emily Long,Vasquez-Snyder,635,Psikological,1999,9.7874E+12,2,8/15/2022,Tersedia,Theory color simple ago future. Service star war sound sea.,0
B326,Friend significant,Dennis Adams,Costa-Wright,721,Gore,1984,9.78616E+12,10,4/9/2025,Tersedia,From actually break issue gun. Girl miss enjoy organization field very.,0
B327,First good,Stephanie Jenkins,Collins-Carter,412,Aksi,2015,9.78508E+12,3,11/9/2024,Tersedia,Throughout available trade. Ground garden page also share sense close.,0
B328,Indeed let age,Danielle Lopez,"Brooks, Potter and Berger",669,Slice of Life,2009,9.78421E+12,8,5/19/2025,Tersedia,Student whatever hard mother bad cover great.,0
B329,Let space financial,Dale Atkins,Rivas-Casey,436,SciFi,1986,9.78958E+12,3,12/9/2024,Tersedia,Right will still. Born eat pretty talk.,0
B330,Much they,David Caldwell,Travis PLC,568,Teknologi,1982,9.78125E+12,3,11/5/2023,Tersedia,Dinner although his option section science accept deep.,0
B331,Really old inside,Matthew Caldwell,King PLC,522,Fantasi,2003,9.781E+12,2,6/14/2022,Tersedia,Those away enough production. West street citizen.,0
B332,Move them little,Jeffery Munoz,Brooks Group,756,Comedi,1995,9.78662E+12,10,8/4/2023,Tersedia,Yard join at wonder owner. Can value some. Opportunity level window reach road.,0
B333,Big buy realize protect,Cassandra Wright,"Scott, Singleton and Brewer",474,Drama,2001,9.78578E+12,2,6/6/2023,Tersedia,Two thing style serious lose western reveal.,0
B334,Experience memory,Cole Cox,"Chavez, Garcia and Brady",504,Gore,2012,9.78351E+12,3,9/23/2024,Tersedia,Message employee around adult child. Early great true campaign.,0
B335,Sea debate,Deborah Turner,Garcia-Hoffman,511,Horor,2021,9.78612E+12,8,9/16/2023,Tersedia,Involve me future blood act. Strong common ground key us.,0
