ISBN,JudulBuku,Penulis,Penerbit,JumlahHalaman,Genre,TahunTerbit,Stok,TanggalMasuk,Ketersediaan,Deskripsi,TotalDipinjam
9784628904106,Python Dasar,Andi Wijaya,Informatika,250,Komputer,2020,3,15-01-2023,Tersedia,Buku pemrograman Python untuk pemula.,0
9788258965963,Laskar Pelangi,Andrea Hirata,Bentang Pustaka,529,Fiksi,2005,5,10-02-2023,Tersedia,Novel inspiratif berlatar Belitung.,0
9783689327907,Bumi Manusia,Pramoedya Ananta Toer,Hasta Mitra,535,Fiksi Sejarah,1980,4,20-03-2023,Tersedia,Bagian pertama dari Tetralogi Buru,0
9784336091198,Cantik Itu Luka,Eka Kurniawan,Gramedia Pustaka Utama,537,Fiksi Sastra,2002,2,05-04-2023,Tersedia,Kisah epik keluarga dengan latar sejarah Indonesia.,0
9781669925273,Filosofi Teras,Henry Manampiring,Penerbit Buku Kompas,346,Self-help/Filsafat,2018,7,11-05-2023,Tersedia,Pengantar filsafat Stoisisme untuk kehidupan modern.,0
9783327011016,Sapiens: Riwayat Singkat Umat Manusia,Yuval Noah Harari,KPG (Kepustakaan Populer Gramedia),512,Sejarah/Antropologi,2011,3,22-06-2023,Tersedia,Penjelajahan sejarah umat manusia dari zaman batu hingga kini.,0
9788848163441,Atomic Habits,James Clear,Gramedia Pustaka Utama,320,Self-help/Pengembangan Diri,2018,6,19-07-2023,Tersedia,Panduan membangun kebiasaan baik dan menghilangkan kebiasaan buruk.,0
9781697313817,Pulang,Tere Liye,Republika Penerbit,400,Fiksi Petualangan,2015,4,01-08-2023,Tersedia,Kisah petualangan seorang anak dari pedalaman Sumatera.,0
9784984247979,Laut Bercerita,Leila S. Chudori,KPG (Kepustakaan Populer Gramedia),379,Fiksi Sejarah,2017,3,14-09-2023,Tersedia,Novel yang mengangkat kisah aktivis mahasiswa di era Orde Baru.,0
9783217306479,Gadis Kretek,Ratih Kumala,Gramedia Pustaka Utama,274,Fiksi Sejarah,2012,5,25-10-2023,Tersedia,Kisah cinta dan industri kretek di Indonesia pada masa lalu.,0
9787287700762,Jejak Langkah di Pasir Waktu,Rendra Sanjaya,Pustaka Imaji,320,Petualangan,2019,8,05-01-2024,Tersedia,Perjalanan epik melintasi gurun legendaris.,0
9780533707294,Rahasia Bintang Kejora,Ayu Lestari,Cahaya Pena,280,Fantasi,2021,5,12-01-2024,Tersedia,Kisah seorang gadis dengan kekuatan magis tersembunyi.,0
9787031571001,Memasak Mudah Sehari-hari,Chef Budi,Dapur Kita,150,Kuliner,2022,12,19-01-2024,Tersedia,Kumpulan resep praktis untuk keluarga.,0
9781479637433,Kode Biru Sang Programmer,Diana Putri,Logika Media,450,Teknologi,2020,3,26-01-2024,Tersedia,Novel tentang dunia startup dan peretasan.,0
9783554446075,Taman Bunga di Lembah Sunyi,Indah Permata,Pelangi Kata,210,Romansa,2023,6,02-02-2024,Tersedia,Kisah cinta yang tumbuh di tempat tak terduga.,0
9787650062929,Sejarah Kerajaan Nusantara Kuno,Prof. Agus Salim,Arsip Bangsa,600,Sejarah,2018,2,09-02-2024,Tersedia,Penelitian mendalam tentang kerajaan-kerajaan di Indonesia.,0
9784530821453,Misteri Rumah Tua di Ujung Jalan,Robby Kencana,Jejak Misteri,300,Horor,2022,0,16-02-2024,Kosong,Teror supranatural menghantui sebuah rumah kosong.,0
9782715791603,Belajar Bahasa Jepang Praktis,Kenji Tanaka,Sakura Press,180,Bahasa,2021,9,23-02-2024,Tersedia,Panduan cepat menguasai percakapan bahasa Jepang.,0
9785573055942,Ekonomi Makro Untuk Pemula,Dr. Siti Aminah,Kampus Ilmu,350,Ekonomi,2019,4,01-03-2024,Tersedia,Konsep dasar ekonomi makro yang mudah dipahami.,0
9781890224594,Anak Pemberani dari Desa Naga,Bambang Perkasa,Dongeng Nusantara,120,Anak,2023,10,08-03-2024,Tersedia,Cerita anak tentang keberanian dan persahabatan.,0
9783071457452,Revolusi Digital dan Masa Depan,Doni Setiawan,Era Baru Publishing,420,Sains Populer,2022,5,15-03-2024,Tersedia,Analisis dampak teknologi pada masyarakat.,0
9785526845259,Ketika Senja Menyapa Jakarta,Clara Adinda,Metro Fiksi,290,Fiksi Urban,2021,7,22-03-2024,Tersedia,Potret kehidupan dan cinta di kota metropolitan.,0
9786655794184,Panduan Investasi Saham Cerdas,Rian Wijaya,Modal Cerdas,260,Bisnis/Investasi,2023,11,29-03-2024,Tersedia,Strategi investasi untuk investor pemula dan menengah.,0
9781813808180,Biografi Pahlawan Kemerdekaan,Tim Sejarawan,Jasa Pahlawan,550,Biografi,2017,3,05-04-2024,Tersedia,Kumpulan kisah hidup para pejuang kemerdekaan Indonesia.,0
9781918118516,Jaringan Neural Tiruan,Dr. Elara Vance,Pustaka Cyber,450,teknologi,2024,12,15-05-2024,Tersedia,Dasar-dasar dan implementasi Jaringan Neural Tiruan terkini.,0
9789100976285,Hotel Angker di Hutan Terlarang,Luna Nightmare,Bayangan Misteri,280,horor,2023,8,20-11-2023,Tersedia,Sekelompok remaja terjebak dalam hotel angker penuh rahasia kelam.,0
9783005343835,Operasi Matahari Merah,Rex Thunder,Aksara Laga,320,aksi,2025,15,10-01-2025,Tersedia,Misi berbahaya seorang agen rahasia untuk menghentikan konspirasi global.,0
9783977746576,Negeri Awan Kristal,Lyra Snow,Imaji Fantasia,510,fantasi,2022,9,03-08-2022,Tersedia,Petualangan epik di dunia sihir dengan naga dan artefak kuno.,0
9781410243538,Tertawa Sampai Pagi,Koko Wijaya,Gelak Tawa Press,180,comedi,2024,22,01-03-2024,Tersedia,Kumpulan cerita pendek lucu dan absurd tentang kehidupan sehari-hari.,0
9783577344427,Ritual Berdarah Dingin,Vargo Corpse,Nokturnal Books,220,gore,2023,4,25-09-2023,Tersedia,Detail mengerikan dari serangkaian pembunuhan ritualistik yang brutal.,0
9789479331933,Senandung Cinta di Kafe Senja,Clara Belle,Melodi Hati,260,romantis,2025,18,14-02-2025,Tersedia,Kisah cinta dua jiwa yang bertemu tak sengaja di sebuah kafe kecil.,0
9788832130372,Koloni Antariksa Kepler-186f,Dr. Aris Nova,Galaksi Pustaka,390,scifi,2024,11,22-04-2024,Tersedia,Perjuangan umat manusia membangun peradaban baru di planet asing.,0
9786511724730,Secangkir Teh dan Obrolan Pagi,Hana Yulia,Jendela Kehidupan,210,slice of life,2023,14,17-06-2023,Tersedia,Potongan-potongan momen sederhana namun bermakna dari kehidupan seorang barista.,0
9780679258426,Labirin Pikiran Alex,Dr. Evelyn Reed,Mind Matters Publishing,300,psikological,2024,8,28-02-2024,Tersedia,Perjalanan seorang pasien amnesia mengungkap trauma masa lalu yang kompleks.,0
9789003252084,Hantu Tanpa Wajah,Adhitama Graveyard,Pena Gelap,250,horor,2022,5,14-07-2022,Tersedia,Teror arwah penasaran yang mencari korban di sebuah asrama tua.,0
9781786307555,Serbuan Fajar Menyingsing,Marco Blade,Combat Books,350,aksi,2024,17,30-01-2024,Tersedia,Pasukan khusus melawan kartel narkoba di perbatasan yang berbahaya.,0
9784412370209,Mahkota Peri Es,Elara Moonwish,Dunia Ajaib,480,fantasi,2023,10,03-10-2023,Tersedia,Perebutan mahkota ajaib yang menentukan nasib kerajaan peri.,0
9786173072940,Lawak Zaman Now,Udin Cengengesan,Humor Kita,160,comedi,2025,20,01-04-2025,Tersedia,Kumpulan stand-up comedy dan sketsa satir tentang tren viral.,0
9787240440031,Museum Daging Manusia,Goryeo Nightshade,Obscura Press,200,gore,2022,3,29-05-2022,Tersedia,Investigasi seorang detektif pada kasus mutilasi yang mengarah ke kolektor mengerikan.,0
9784795152181,Surat Cinta Untuk Langit,Aurora Bintang,Kata Hati Pustaka,230,romantis,2024,16,05-05-2024,Tersedia,Korespondensi romantis antara seorang pelukis dan astronom yang tak pernah bertemu.,0
9781369669387,Penjelajah Dimensi X,Kapten Orion,Quantum Publishing,410,scifi,2023,9,18-08-2023,Tersedia,Petualangan tim ilmuwan menembus portal ke dimensi lain yang aneh.,0
9780294796380,Warung Kopi Pak Budi,Sari Puspita,Cerita Sehari-hari,190,slice of life,2025,13,05-01-2025,Tersedia,Kisah-kisah hangat dan lucu dari para pelanggan tetap sebuah warung kopi.,0
9780436094759,Air Mata Ibu Pertiwi,Dewangga Putra,Sajak Bangsa,310,drama,2022,7,27-10-2022,Tersedia,Drama keluarga yang berlatar belakang peristiwa sejarah penting Indonesia.,0
9789932816883,Bayang-Bayang Kepribadian Ganda,Dr. Kenzo Tanaka,Psyche Books,290,psikological,2024,10,11-03-2024,Tersedia,Studi kasus mendalam tentang seseorang dengan Dissociative Identity Disorder.,0
9782489385291,Pemrograman Kuantum Praktis,Dr. Anya Sharma,Inovasi Digital,490,teknologi,2023,6,07-07-2023,Tersedia,Pengenalan dan contoh aplikasi komputer kuantum untuk non-fisikawan.,0
9788843517282,Jeritan di Malam Buta,Nyx Terror,Malam Seram Press,265,horor,2025,11,22-02-2025,Tersedia,Legenda urban tentang makhluk malam yang meneror sebuah desa terpencil.,0
9789683765934,Pembalasan Sang Elang Hitam,Leo Hunter,Adrenalin Books,340,aksi,2022,14,09-09-2022,Tersedia,Seorang mantan tentara bayaran memburu orang-orang yang mengkhianatinya.,0
9781681636822,Kerajaan Elf di Hutan Larangan,Silvanus Silverwood,Elven Chronicles,520,fantasi,2024,12,18-01-2024,Tersedia,Kisah perebutan takhta dan sihir kuno di antara bangsa elf.,0
9787741895980,Kumpulan Lelucon Pak RT,Cak Slamet,Guyonan Desa,150,comedi,2023,19,22-07-2023,Tersedia,Humor khas pedesaan yang mengocok perut dari pengalaman seorang RT.,0
9787938139938,Darah di Atas Kanvas,Victor Morte,Galeri Noda,240,gore,2025,6,03-03-2025,Tersedia,Seorang pelukis psikopat menggunakan darah korbannya sebagai medium seni.,0
9783862280581,Armada Bintang Jatuh,Navigator Xenon,Kosmik Saga,430,scifi,2024,9,11-04-2024,Tersedia,Peperangan antargalaksi untuk memperebutkan sumber energi terakhir di alam semesta.,0
9780322965350,Catatan Harian Kedai Kopi Pelangi,Rina Amelia,Harmoni Pagi,200,slice of life,2023,16,09-05-2023,Tersedia,Kisah-kisah kecil penuh kehangatan dari interaksi pemilik kedai kopi dan pelanggannya.,0
9780417499949,Tirai Besi Keluarga Adidharma,Raditya Sastra,Dinasti Pustaka,360,drama,2025,7,01-02-2025,Tersedia,Konflik internal keluarga konglomerat yang penuh intrik dan rahasia.,0
9785031693492,Sindrom Identitas Terpecah,Dr. Riana Alamsyah,Jurnal Jiwa,310,psikological,2022,10,25-08-2022,Tersedia,Analisis kasus seorang pasien dengan banyak kepribadian yang saling bertentangan.,0
9784340791290,Etika Kecerdasan Artifisial,Prof. Halim Wijaya,Forum AI,400,teknologi,2024,13,28-03-2024,Tersedia,Dilema moral dan etika dalam pengembangan kecerdasan buatan tingkat lanjut.,0
9783974321932,Apartemen Nomor 13,Dimas Angkara,Lantai Terkutuk,270,horor,2023,5,12-10-2023,Tersedia,Penghuni baru sebuah apartemen diganggu oleh entitas gaib yang kejam.,0
9785338546834,Misi Penyelamatan Presiden,Kapten Baja,Serbu Kilat Press,330,aksi,2025,18,20-04-2025,Tersedia,Sebuah tim elit berpacu dengan waktu untuk menyelamatkan presiden dari penculikan teroris.,0
9780256085391,Pedang Naga Kembar,Aria Windrider,Legenda Fantastika,490,fantasi,2022,11,06-06-2022,Tersedia,Dua saudara kembar terpilih untuk menemukan pedang pusaka guna mengalahkan tiran jahat.,0
9785546802258,Sekolah Paling Kocak Sedunia,Joni Garing,Tawa Ceria Publishing,170,comedi,2024,21,02-01-2024,Tersedia,Kekonyolan guru dan murid di sekolah yang semua aturannya aneh.,0
9780491652972,Pesta Topeng Berdarah,Silas Nightfall,Crimson Tales,210,gore,2023,0,19-04-2023,Kosong,Sebuah pesta topeng mewah berubah menjadi ajang pembantaian brutal.,0
9781079990593,Cinta Pertama di Musim Sakura,Hana Aiko,Kisah Bunga,250,romantis,2025,15,15-03-2025,Tersedia,Romansa manis antara pelajar pertukaran dan gadis lokal di bawah mekarnya bunga sakura.,0
9786156872392,Planet Para Robot Pemberontak,Cyrax Prime,Logam Pustaka,450,scifi,2022,8,12-12-2022,Tersedia,Masa depan di mana robot dengan kesadaran memberontak melawan pencipta manusia mereka.,0
9788834833378,Warung Nasi Ibu Sumi,Adi Setiawan,Cerita Rakyat Urban,180,slice of life,2024,17,25-05-2024,Tersedia,Kehidupan sehari-hari para pedagang dan pembeli di sekitar warung nasi legendaris.,0
9782267150669,Rahasia Gelap Sang Politikus,Marcus Integrity,Panggung Belakang,380,drama,2023,6,03-09-2023,Tersedia,Terungkapnya skandal korupsi dan permainan kotor seorang politikus ternama.,0
9788021749465,Terapi Mimpi Buruk,Dr. Alan Spectra,Alam Bawah Sadar Press,300,psikological,2025,9,24-01-2025,Tersedia,Seorang terapis membantu pasien mengatasi mimpi buruk berulang yang mengancam kewarasannya.,0
9789667413100,Revolusi Bio-informatika,Dr. Liana Genom,Sains Masa Depan,420,teknologi,2022,12,01-07-2022,Tersedia,Peran bio-informatika dalam memecahkan misteri genetika dan pengembangan obat.,0
9784959004277,Desa Penari Ular,Maya Sari,Klenik Nusantara,290,horor,2024,4,15-02-2024,Tersedia,Tim peneliti budaya tersesat di desa terpencil dengan ritual pemujaan ular yang mengerikan.,0
9783658432214,Kejar Tayang Misi Mustahil,Alex Viper,Laga Cepat,310,aksi,2023,16,29-06-2023,Tersedia,Seorang kurir khusus harus mengantarkan paket rahasia melewati berbagai rintangan mematikan.,0
9788731712626,Gerbang Dunia Bawah Tanah,Raka Shadowhand,Petualang Gelap,500,fantasi,2025,10,01-05-2025,Tersedia,Pencarian gerbang mitos yang menghubungkan dunia manusia dengan dunia makhluk gaib.,0
9789693218810,Klub Komedi Anti Galau,Budi Ceria,Senyum Manis Publishing,190,comedi,2022,20,10-10-2022,Tersedia,Usaha sekelompok orang membangun klub komedi untuk menyebarkan tawa di kota mereka.,0
9784671327382,Kolektor Bagian Tubuh,Mortis Cutter,Graveyard Press,230,gore,2024,2,04-04-2024,Tersedia,Detektif veteran memburu pembunuh berantai yang mengoleksi bagian tubuh korbannya.,0
9785778820630,Cinta Bersemi di Kebun Teh,Rani Puspita,Lembah Asmara,260,romantis,2023,18,08-11-2023,Tersedia,Kisah asmara antara pemilik kebun teh dan seorang turis yang tersesat.,0
9787072528771,Invasi Robot dari Mars,Jenderal Zorg,Planet Merah Press,440,scifi,2025,10,19-02-2025,Tersedia,Bumi diserang oleh pasukan robot canggih dari planet Mars.,0
9781368044035,Diari Seorang Penjaga Mercusuar,Pak Tua Samudra,Cahaya Pantai,205,slice of life,2022,15,14-06-2022,Tersedia,Renungan dan kisah sehari-hari seorang penjaga mercusuar di pulau terpencil.,0
9781908398283,Kutukan Keluarga Bangsawan,Lady Victoria,Manor Kelam,370,drama,2024,7,07-01-2024,Tersedia,Sebuah kutukan turun-temurun menghantui keluarga bangsawan kaya raya.,0
9783404775421,Memahami Alam Pikiran Kucing,Dr. Meowgaret Catson,Felidae Pustaka,315,psikological,2023,11,01-08-2023,Tersedia,Penelitian ilmiah dan observasi tentang perilaku dan psikologi kucing domestik.,0
9787352108088,Blockchain dan Mata Uang Kripto,Alex Crypto,Dunia Digital,390,teknologi,2025,14,15-04-2025,Tersedia,Panduan lengkap memahami teknologi blockchain dan investasi mata uang kripto.,0
9784788468195,Rumah Sakit Jiwa Terlantar,Dr. Insanus,Koridor Gila,275,horor,2022,6,02-10-2022,Tersedia,Sekelompok mahasiswa kedokteran melakukan uji nyali di rumah sakit jiwa angker.,0
9783015700901,Operasi Penyelundupan Berlian,"Silas ""Diamond"" Drake",Jaringan Gelap,325,aksi,2024,19,28-05-2024,Tersedia,Mantan pencuri ulung direkrut untuk misi berbahaya mencuri kembali berlian langka.,0
9783429643048,Negeri Para Penyihir Angin,Aerion Stormcaller,Sihir Elemental,530,fantasi,2023,9,12-03-2023,Tersedia,Perjalanan seorang pemuda menemukan bakat sihir anginnya di negeri ajaib.,0
9784637637833,Sitkom Kantor Paling Rusuh,Manager Edan,Chaos Corp Publishing,175,comedi,2025,23,29-01-2025,Tersedia,Kumpulan sketsa komedi tentang kekacauan sehari-hari di sebuah kantor.,0
9789166706615,Jagal dari Distrik Merah,Blade X,Distopia Press,215,gore,2022,0,11-11-2022,Kosong,Kisah mengerikan seorang pembunuh berantai yang meneror distrik kumuh.,0
9782630000994,Melodi Cinta Tak Terucap,Leo Nada,Harmoni Jiwa,265,romantis,2024,17,21-02-2024,Tersedia,Cinta platonis yang mendalam antara seorang komposer dan penyanyi opera.,0
9782211980451,Perang Bintang Abad Ke-25,Laksamana Nova Starfire,Federasi Galaktika,460,scifi,2023,12,16-09-2023,Tersedia,Konflik epik antara Federasi Bumi dan Kekaisaran Krull di masa depan.,0
9783512932519,Surat Dari Perantauan,Anak Desa,Kenangan Kampung,195,slice of life,2025,16,23-03-2025,Tersedia,Kumpulan surat seorang perantau yang merindukan kampung halamannya.,0
9787695270411,Mahligai Pernikahan Berdarah,Ratu Isabella,Istana Duka,350,drama,2022,5,28-07-2022,Tersedia,Pernikahan politik yang berakhir tragis dengan pembunuhan dan perebutan kekuasaan.,0
9785563617198,Eksperimen Telepati Gagal,Dr. Mindbender,Lab Rahasia,305,psikological,2024,8,03-04-2024,Tersedia,Sebuah eksperimen telepati yang salah mengakibatkan konsekuensi mengerikan.,0
9780127206184,Komputasi Awan Skala Besar,Prof. Cloudia Data,Mega Server Press,410,teknologi,2023,13,05-06-2023,Tersedia,Arsitektur dan manajemen sistem komputasi awan untuk perusahaan besar.,0
9784266722884,Boneka Arwah Penunggu Loteng,Lila Creepy,Rumah Hantu Publishing,285,horor,2025,10,10-05-2025,Tersedia,Sebuah keluarga baru pindah ke rumah yang lotengnya dihuni boneka berarwah jahat.,0
9786567419273,Pemburu Artefak Kuno,Dr. Indiana Jonesy,Petualang Dunia,335,aksi,2022,20,11-08-2022,Tersedia,Arkeolog pemberani mencari artefak legendaris yang diincar organisasi jahat.,0
9785874552270,Akademi Penyihir Cahaya dan Kegelapan,Merlin Shadowcaster,Grimoire Ajaib,540,fantasi,2024,11,08-02-2024,Tersedia,Persaingan dan persahabatan di akademi sihir yang melatih penyihir dari dua aliran.,0
9783556896606,Salah Sambung Paling Gokil,Tele Poni,Operator Kocak,165,comedi,2023,25,24-10-2023,Tersedia,Kumpulan percakapan telepon salah sambung yang berujung komedi.,0
9780761282304,Ruang Autopsi Nomor 4,Dr. Carver,Forensik Files,225,gore,2025,4,29-04-2025,Tersedia,Catatan seorang ahli forensik dalam memecahkan kasus pembunuhan dari meja autopsi.,0
9780095569156,Cinta Segitiga di Kota Metropolitan,Vania Urban,Gemerlap Kota,270,romantis,2022,17,19-09-2022,Tersedia,Kisah cinta rumit antara tiga sahabat yang tinggal di kota besar.,0
9785961122292,Serangan Alien Hibrida,Komandan Sky,Pertahanan Bumi,470,scifi,2024,9,14-01-2024,Tersedia,Invasi alien yang menggunakan teknologi hibrida untuk menaklukkan Bumi.,0
9780545044188,Secarik Kertas dari Masa Lalu,Nenek Laila,Album Kenangan,185,slice of life,2023,16,01-07-2023,Tersedia,Penemuan secarik kertas tua mengungkap kisah cinta terpendam dari masa muda seorang nenek.,0
9784810862178,Prahara di Istana Kristal,Putri Aurora,Saga Kerajaan,360,drama,2025,6,09-03-2025,Tersedia,Perebutan kekuasaan dan pengkhianatan di balik kemegahan istana kristal.,0
9788547530291,Jejak Kaki di Bulan Europa,Dr. Titan Explorer,Ekspedisi Antariksa,320,psikological,2023,9,17-10-2023,Tersedia,Seorang astronot mengalami isolasi ekstrem dan mempertanyakan realitas di bulan Jupiter.,0
9788002667467,Robotika Sosial Interaktif,Prof. Andro Cyber,Masa Depan Cerdas,415,teknologi,2024,12,25-04-2024,Tersedia,Pengembangan robot yang mampu berinteraksi secara emosional dan sosial dengan manusia.,0
9782011145000,Vila Mawar Berhantu,Casper Ghostly,Rumah Penerbit Seram,295,horor,2022,7,28-08-2022,Tersedia,Pasangan muda membeli vila impian yang ternyata dihuni arwah penasaran pemilik sebelumnya.,0
9787743246573,Tim Pemburu Harta Karun Naga,Kapten Gold Digger,Peta Petualangan,345,aksi,2025,17,03-01-2025,Tersedia,Sekelompok pemburu harta karun bertaruh nyawa mencari emas peninggalan naga kuno.,0
9787729775973,Dunia Permen Pelangi,Lila Sweet,Fantasi Manis,495,fantasi,2023,10,02-05-2023,Tersedia,Petualangan seorang anak di dunia ajaib yang terbuat dari permen dan kue.,0
9785565839479,Calon Mantu Paling Konyol,Dadang Sutisna,Keluarga Ceria,180,comedi,2024,21,11-02-2024,Tersedia,Usaha seorang pemuda merebut hati calon mertua dengan cara-cara yang absurd.,0
9784255852886,Kamar Operasi Tanpa Anestesi,Dr. Slasher,Rekam Medis Brutal,235,gore,2022,4,04-11-2022,Tersedia,Kisah nyata (fiksi) seorang ahli bedah gila yang melakukan eksperimen sadis pada pasiennya.,0
9785588587763,Rhapsody Cinta Musim Gugur,Serena Melody,Nada Romantis,270,romantis,2025,16,01-04-2025,Tersedia,Kisah cinta antara seorang pianis dan penulis puisi di tengah indahnya musim gugur.,0
9789391123117,Kronik Peradaban Centauri,Alpha Centurion,Arsip Bintang,455,scifi,2023,8,09-09-2023,Tersedia,Catatan sejarah panjang peradaban maju di sistem bintang Alpha Centauri.,0
9789959202815,Warung Teh di Simpang Jalan,Mbah Sastro,Obrolan Sore,190,slice of life,2024,14,20-01-2024,Tersedia,Kehidupan sehari-hari dan interaksi unik para pengunjung warung teh sederhana.,0
9784191775781,Skandal Menteri Keuangan,Investigator X,Jejak Skandal,375,drama,2022,5,15-07-2022,Tersedia,Pengungkapan kasus korupsi besar yang melibatkan pejabat tinggi negara.,0
9781210808121,Permainan Pikiran Sang Hipnotis,Prof. Svengali,Kendali Jiwa Press,310,psikological,2025,10,26-02-2025,Tersedia,Seorang hipnoterapis menggunakan kemampuannya untuk memanipulasi pikiran orang lain demi keuntungan pribadi.,0
9787816513113,Internet of Things Terapan,Dr. Connecto,Sistem Cerdas,400,teknologi,2023,11,21-06-2023,Tersedia,Implementasi praktis IoT dalam berbagai industri dan kehidupan sehari-hari.,0
9783202764550,Penunggu Sumur Tua Keramat,Ki Misteri,Cerita Gaib Lokal,280,horor,2024,0,17-03-2024,Kosong,Gangguan makhluk halus dari sumur tua yang dianggap keramat oleh warga desa.,0
9783394574156,Pasukan Khusus Anti Teror Global,Kolonel Rhino,Benteng Pertahanan,355,aksi,2022,19,01-12-2022,Tersedia,Operasi senyap pasukan khusus memberantas jaringan teroris internasional.,0
9782069993897,Lembah Para Griffin Penjaga,Elara Skywing,Mitologi Fantastis,505,fantasi,2025,13,22-05-2025,Tersedia,Perjalanan seorang pahlawan mencari bantuan Griffin legendaris untuk menyelamatkan kerajaannya.,0
9781444315309,Salah Kostum di Pesta Halloween,Cupu Maksimal,Gagal Keren Ent.,170,comedi,2023,24,31-10-2023,Tersedia,Kekacauan akibat salah memakai kostum di pesta Halloween paling bergengsi.,0
9782386098631,Hotel Pemakan Tamu,Innkeeper Death,Lorong Berdarah Books,245,gore,2024,3,07-05-2024,Tersedia,Para tamu sebuah hotel terpencil satu per satu menghilang secara mengerikan.,0
9783927125101,Melukis Pelangi di Hatimu,Arjuna Cinta,Kanvas Asmara,255,romantis,2022,15,27-09-2022,Tersedia,Seorang pelukis menemukan kembali inspirasinya setelah bertemu dengan cinta sejatinya.,0
9780027254398,Kapal Induk Generasi Kelima,Admiral Stargazer,Armada Masa Depan,465,scifi,2025,9,01-03-2025,Tersedia,Pengembangan dan uji coba kapal induk antariksa dengan teknologi revolusioner.,0
9786116582337,Keseharian Tukang Ojek Online,Bang Ojol Santuy,Aspal Panas Stories,200,slice of life,2023,18,14-08-2023,Tersedia,Suka duka dan cerita unik seorang tukang ojek online dalam menjalani profesinya.,0
9780895911568,Ambisi Membawa Petaka,Diana Ambisius,Panggung Kehancuran,385,drama,2024,6,30-01-2024,Tersedia,Kisah seorang wanita karir yang ambisinya menghancurkan dirinya sendiri dan orang di sekitarnya.,0
9789903766113,Decoding Bahasa Tubuh Lawan Bicara,Dr. Aura Insight,Komunikasi Efektif,300,psikological,2022,11,07-07-2022,Tersedia,Cara membaca dan memahami pesan tersembunyi dari bahasa tubuh orang lain.,0
9780921659880,Pengembangan Aplikasi Mobile Lintas Platform,Dev Master,Kode Universal,425,teknologi,2025,14,10-04-2025,Tersedia,Teknik dan framework terbaru untuk membangun aplikasi mobile di Android dan iOS sekaligus.,0
9782741165373,Kutukan Topeng Kematian,Arkeo Darko,Relik Terlarang,300,horor,2023,8,15-03-2023,Tersedia,Sebuah topeng kuno membawa malapetaka bagi siapa saja yang memakainya.,0
9783502438603,Agen Rahasia vs Mafia Siber,Cyber Ninja X,Kode Merah Ops,365,aksi,2025,16,02-02-2025,Tersedia,Pertarungan sengit agen rahasia melawan organisasi peretas yang mengancam keamanan global.,0
9786280848438,Istana di Balik Air Terjun Pelangi,Ratu Iris,Negeri Dongeng Indah,515,fantasi,2022,11,10-09-2022,Tersedia,Penemuan istana ajaib yang tersembunyi di balik air terjun dengan tujuh warna.,0
9785444369459,Kelompok Lawak Salah Gaul,Dodit Mlipir,Panggung Ketawa,195,comedi,2024,22,22-01-2024,Tersedia,Kekonyolan sekelompok pemuda yang mencoba menjadi pelawak terkenal namun selalu gagal total.,0
9782085567849,Manusia Gergaji dari Hutan Terlarang,Wood Cutter Grim,Serpihan Teror,250,gore,2023,5,03-10-2023,Tersedia,Legenda urban tentang sosok mengerikan yang memburu para pendaki di hutan angker.,0
9781983179180,Kisah Cinta Abadi Romeo & Juliet Modern,Shakes Peary,Asmara Klasik Baru,280,romantis,2025,19,18-04-2025,Tersedia,Adaptasi modern kisah cinta tragis Romeo dan Juliet di tengah konflik geng motor.,0
9784722586800,Stasiun Luar Angkasa Omega 7,Dr. Stella Voyager,Jelajah Nebula,475,scifi,2022,10,25-07-2022,Tersedia,Kehidupan dan misteri di stasiun luar angkasa raksasa yang menjadi persinggahan antarplanet.,0
9788034516399,Resep Rahasia Nenek di Desa,Chef Kampung,Warisan Rasa,175,slice of life,2024,17,05-05-2024,Tersedia,Kumpulan resep masakan tradisional turun-temurun dari seorang nenek di desa.,0
9789096306698,Perceraian yang Mengguncang Takhta,Lord Richard,Skandal Kerajaan,395,drama,2023,7,19-08-2023,Tersedia,Drama perceraian seorang raja yang berdampak pada stabilitas politik kerajaannya.,0
9783284683940,Terjebak dalam Simulasi Realitas,Neo Matrixia,Dunia Virtual Press,330,psikological,2025,9,11-01-2025,Tersedia,Seseorang menyadari bahwa hidupnya adalah bagian dari simulasi komputer yang canggih.,0
9783729104697,Big Data Analytics untuk Bisnis,Prof. Data Analitika,Informasi Strategis,435,teknologi,2022,13,01-06-2022,Tersedia,Pemanfaatan analisis big data untuk pengambilan keputusan bisnis yang lebih baik.,0
9783179563376,Malam Jumat di Kuburan Angker,Tim Pemburu Hantu,Jejak Gaib Nusantara,290,horor,2024,0,29-02-2024,Kosong,Ekspedisi malam tim pemburu hantu di sebuah kompleks pemakaman yang terkenal angker.,0
9780014408421,Operasi Badai Gurun Merah,Sersan Rock Hard,Medan Perang Panas,370,aksi,2023,18,22-09-2023,Tersedia,Misi tempur berbahaya sebuah unit pasukan khusus di tengah gurun yang ganas.,0
9785883257001,Cincin Phoenix Pembawa Keabadian,Ignis Flamewielder,Artefak Legendaris,525,fantasi,2025,12,25-03-2025,Tersedia,Pencarian cincin ajaib yang dapat memberikan keabadian kepada pemiliknya.,0
9781225785313,Stand Up Comedy Garing Nasional,MC Jayus,Mikrofon Ngakak,200,comedi,2022,20,17-11-2022,Tersedia,Kompilasi materi stand up comedy dari berbagai pelawak (fiktif) di Indonesia.,0
9787260887119,Rumah Jagal di Tepi Danau,Lester Flesh,Gorefest Publishing,260,gore,2024,4,23-04-2024,Tersedia,Sekelompok remaja berkemah di dekat rumah jagal tua yang menyimpan rahasia mengerikan.,0
9780995314536,Hatiku Tertambat di Dermaga Senja,Kapten Pelaut Hati,Lautan Cinta,285,romantis,2023,15,07-07-2023,Tersedia,Kisah cinta antara seorang pelaut dan gadis penjaga mercusuar.,0
9783624300005,Perjalanan Menembus Lubang Cacing,Dr. Quantum Leap,Fisika Paradoks,485,scifi,2025,10,31-01-2025,Tersedia,Ilmuwan menemukan cara melakukan perjalanan instan antar galaksi melalui lubang cacing.,0
9789843700875,Kisah Tukang Sol Sepatu Keliling,Pak Solihin Jujur,Langkah Kehidupan,170,slice of life,2022,19,08-08-2022,Tersedia,Potret kehidupan sederhana dan penuh makna dari seorang tukang sol sepatu.,0
9784838935502,Warisan Berdarah Keluarga Hartawan,Detektif Adrian,Kasus Pelik,400,drama,2024,6,14-02-2024,Tersedia,Penyelidikan pembunuhan seorang miliarder yang mengungkap konflik warisan dalam keluarganya.,0
9786669836489,Efek Plasebo dan Kekuatan Sugesti,Dr. Imajinari Sugesti,Pikiran Sehat,325,psikological,2023,11,16-06-2023,Tersedia,Bagaimana pikiran dan sugesti dapat mempengaruhi kesehatan fisik dan mental.,0
9789407045339,Cloud Native Application Development,DevOps Master,Arsitektur Modern,440,teknologi,2025,14,04-05-2025,Tersedia,Panduan membangun dan menerapkan aplikasi cloud native dengan Kubernetes dan microservices.,0
9789107714639,Ritual Pemujaan Iblis Kuno,Cultus Obscurus,Buku Terlarang,305,horor,2022,7,29-10-2022,Tersedia,Sekelompok pemuja setan mencoba membangkitkan iblis kuno dengan ritual mengerikan.,0
9782318661785,Pembalasan Mantan Agen CIA,Agent Xylo,Operasi Senyap,375,aksi,2024,17,07-03-2024,Tersedia,Seorang mantan agen CIA yang dikhianati memburu rekan-rekannya yang korup.,0
9783711074927,Kerajaan Bawah Laut Atlantis Modern,Raja Triton,Samudra Keajaiban,530,fantasi,2023,12,25-11-2023,Tersedia,Penemuan kembali peradaban Atlantis yang kini hidup berdampingan dengan teknologi canggih.,0
9784994061677,Geng Motor Paling Ngocol,Bro Zacky,Aspal Bergetar,205,comedi,2025,23,15-01-2025,Tersedia,Petualangan lucu geng motor yang anggotanya aneh-aneh dan selalu sial.,0
9784355005832,Klinik Aborsi Ilegal Dr. Maut,Nurse Pain,Suntikan Dosa,265,gore,2022,3,22-08-2022,Tersedia,Pengungkapan praktik aborsi ilegal yang dijalankan oleh dokter sadis.,0
9788476099559,Cinta Terlarang di Menara Gading,Putri Violita,Roman Istana,290,romantis,2024,18,01-03-2024,Tersedia,Kisah cinta antara seorang putri bangsawan dan pengawal pribadinya.,0
9789558839286,Terraforming Mars: Koloni Pertama,Elon Musketeer,Planet Merah Publishing,490,scifi,2023,11,19-07-2023,Tersedia,Proses terraforming planet Mars dan tantangan membangun koloni manusia pertama.,0
9784796436839,Toko Kelontong di Gang Sempit,Bu Jamilah,Cerita Tetangga,165,slice of life,2025,20,27-04-2025,Tersedia,Hiruk pikuk dan kisah-kisah unik dari sebuah toko kelontong di gang padat penduduk.,0
9785082299927,Direktur Utama yang Kejam,Mr. Tyrant Boss,Korporasi Hitam,405,drama,2022,7,13-10-2022,Tersedia,Kisah seorang karyawan yang berjuang melawan kesewenang-wenangan direktur utama perusahaan.,0
9789542372110,Mengendalikan Emosi dengan Meditasi,Guru Damai,Jiwa Tenang Press,315,psikological,2024,14,09-02-2024,Tersedia,Panduan langkah demi langkah untuk mengendalikan emosi negatif melalui teknik meditasi.,0
9784028108663,Cybersecurity untuk Era Digital,Hacker Putih,Benteng Virtual,445,teknologi,2023,12,03-09-2023,Tersedia,Ancaman siber terkini dan cara melindungi data pribadi serta sistem di era digital.,0
9787805860715,Hutan Bisikan Arwah Gentayangan,Rimba Angker,Pohon Keramat Books,310,horor,2025,9,28-01-2025,Tersedia,Sekelompok pendaki tersesat dan dihantui oleh arwah-arwah penasaran di hutan terlarang.,0
9784419707593,Tim SWAT vs Perampok Bank Profesional,Komandan Cobra,Garis Depan Laga,380,aksi,2022,16,10-06-2022,Tersedia,Adu strategi dan baku tembak antara tim SWAT dan perampok bank yang sangat terorganisir.,0
9782636491192,Pulau Para Satria Griffin Emas,Aero Wingcrest,Legenda Udara,535,fantasi,2024,10,12-05-2024,Tersedia,Petualangan mencari pulau mitos tempat para satria penunggang Griffin emas bersemayam.,0
9782262975585,Guru Matematika Paling Sableng,Pak Rumus Kacau,Kelas Ngakak,210,comedi,2023,21,29-11-2023,Tersedia,Kisah lucu seorang guru matematika dengan metode mengajar yang super aneh.,0
9780111031897,Kanibal dari Pedalaman Amazon,Dr. Explorer Gore,Ekspedisi Maut,270,gore,2025,0,16-03-2025,Kosong,Tim ekspedisi ilmiah menghadapi suku kanibal primitif di pedalaman hutan Amazon.,0
9783478323909,Takdir Cinta di Kota Paris,Amelie Dubois,Eiffel Romance,295,romantis,2022,17,01-07-2022,Tersedia,Pertemuan tak sengaja dua insan dari negara berbeda yang jatuh cinta di kota Paris.,0
9786138975462,Lubang Hitam Pemakan Galaksi,Prof. Cosmos Stellar,Teori Alam Semesta,500,scifi,2024,8,24-02-2024,Tersedia,Penelitian tentang lubang hitam supermasif dan ancamannya terhadap galaksi.,0
9782773999292,Warung Bakso Pak Kumis Joss,Kang Bakso Enak,Kuliner Nusantara,160,slice of life,2023,22,28-06-2023,Tersedia,Cerita sehari-hari dari warung bakso terkenal dan para pelanggannya yang beragam.,0
9783774413709,Pengacara Muda Melawan Koruptor Kakap,Lex Justitia,Ruang Sidang Panas,410,drama,2025,6,04-04-2025,Tersedia,Perjuangan seorang pengacara muda idealis membongkar kasus korupsi besar.,0
9785252079317,Ilusi Optik dan Tipuan Pikiran,Dr. Visionary Trick,Mata Batin Press,320,psikological,2022,11,19-12-2022,Tersedia,Bagaimana otak kita memproses informasi visual dan mudah tertipu oleh ilusi optik.,0
9783932920092,Machine Learning dengan Python Praktis,Kode Jenius,Algoritma Cerdas,450,teknologi,2024,15,09-01-2024,Tersedia,Implementasi algoritma machine learning menggunakan Python untuk berbagai kasus.,0
9786463137681,Mansion Terkutuk di Bukit Kesunyian,Edgar Allan Poe Jr.,Pena Gotik,315,horor,2023,8,11-08-2023,Tersedia,"Seorang penulis pindah ke mansion tua untuk mencari inspirasi, namun malah menemukan teror.",0
9783232529582,Pembalasan Jagoan Silat Betawi,Bang Jampang Modern,Pendekar Ibukota,385,aksi,2025,19,27-02-2025,Tersedia,Jagoan silat Betawi melawan preman-preman yang meresahkan kampungnya.,0
9789042018942,Dunia Sihir di Balik Lemari Tua,Lucy Pevensie II,Gerbang Ajaib,540,fantasi,2022,12,05-10-2022,Tersedia,Anak-anak menemukan portal ke dunia sihir melalui sebuah lemari tua di rumah nenek mereka.,0
9784071546284,Keluarga Cemara Pindah ke Mars,Abah Luar Angkasa,Planet Ceria,215,comedi,2024,20,20-05-2024,Tersedia,Keluarga Cemara versi masa depan mencoba beradaptasi hidup di koloni Planet Mars.,0
9783296916853,Operasi Amputasi Tanpa Batas,Sawbones Massacre,Trauma Medis,275,gore,2023,4,27-07-2023,Tersedia,Dokter bedah gila di medan perang melakukan amputasi brutal pada prajurit yang terluka.,0
9781945079826,Cinta Sejati Tak Kenal Usia,Oma Rosie & Opa Jack,Asmara Senja,300,romantis,2025,17,29-03-2025,Tersedia,Kisah cinta yang mekar kembali antara dua lansia di panti jompo.,0
9781475868910,Kota Cyborg di Bawah Laut,Aqua Mechanica,Atlantis Baru Press,505,scifi,2023,10,05-08-2023,Tersedia,Eksplorasi kota bawah laut canggih yang dihuni oleh manusia setengah robot.,0
9780182922628,Penjual Koran Tua dan Mimpinya,Pak Tua Cita,Koran Pagi Cerita,155,slice of life,2025,21,01-01-2025,Tersedia,Kisah inspiratif seorang penjual koran tua yang tak pernah berhenti bermimpi.,0
9785228852874,Konflik Taipan Media Nasional,Raja Berita,Jaringan Informasi Panas,415,drama,2022,6,20-06-2022,Tersedia,Persaingan brutal antara dua taipan media yang saling menjatuhkan.,0
9781450211332,Analisis Pola Tidur dan Mimpi,Dr. Somnus Dreamweaver,Istana LeLap,325,psikological,2024,12,13-04-2024,Tersedia,"Penelitian tentang berbagai pola tidur, gangguan tidur, dan interpretasi mimpi.",0
9786504178613,Pengembangan Game Edukasi Interaktif,Game Dev Junior,Pixel Pintar,455,teknologi,2023,15,26-10-2023,Tersedia,Panduan membuat game edukasi yang menarik dan interaktif untuk anak-anak.,0
9787963554105,Arwah Penunggu Jembatan Gantung,Desa Mistis Writer,Gerbang Gaib Publishing,320,horor,2025,8,16-02-2025,Tersedia,Legenda urban tentang arwah penasaran yang sering muncul di jembatan gantung tua.,0
9782544398405,Unit Elit Pembasmi Zombie,Sersan Romero,Pasukan Kiamat,390,aksi,2022,18,09-11-2022,Tersedia,Perjuangan unit elit militer bertahan hidup dan membasmi wabah zombie global.,0
9786262710823,Kerajaan Kurcaci di Gunung Emas,Thorin Stonebeard,Harta Karun Fantasi,545,fantasi,2024,11,24-01-2024,Tersedia,Petualangan mencari kerajaan kurcaci legendaris yang penuh dengan emas dan permata.,0
9788204654631,Audisi Pelawak Paling Absurd,Juri Ngakak,Panggung Geli,220,comedi,2023,20,11-07-2023,Tersedia,Kumpulan cerita lucu dari audisi pelawak yang pesertanya super aneh dan berbakat.,0
9786852482790,Eksperimen Genetik Monster Chimera,Dr. Moreaustein,Laboratorium Terlarang,280,gore,2025,0,22-04-2025,Kosong,Ilmuwan gila menciptakan monster mengerikan melalui eksperimen genetik antar spesies.,0
9787009633042,Cinta Pandangan Pertama di Perpustakaan,Buku Hati,Roman Aksara,305,romantis,2022,19,02-09-2022,Tersedia,Kisah cinta antara dua kutu buku yang bertemu dan jatuh cinta di perpustakaan kota.,0
9787815066627,Kapal Penjelajah Waktu Kembali ke Masa Dinosaurus,Dr. Chronos Rex,Mesin Waktu Publishing,510,scifi,2024,9,30-05-2024,Tersedia,Sekelompok ilmuwan melakukan perjalanan waktu ke zaman dinosaurus dan menghadapi bahaya.,0
9789067277379,Skandal Cinta Segitiga Sang Aktris Terkenal,Reporter Gosip Panas,Sorotan Selebriti,420,drama,2025,5,05-03-2025,Tersedia,Terungkapnya skandal cinta segitiga seorang aktris terkenal yang menghebohkan publik.,0
9780056866331,Sindrom Stockholm dan Ikatan Aneh,Dr. Captiva Bond,Psikologi Kriminal,330,psikological,2022,10,28-06-2022,Tersedia,Analisis psikologis fenomena Sindrom Stockholm pada korban penculikan.,0
9785313538777,Realitas Virtual dan Masa Depan Interaksi,Virtua Vision,Dimensi Baru Press,460,teknologi,2024,13,17-02-2024,Tersedia,Potensi dan perkembangan teknologi realitas virtual (VR) dalam berbagai aspek kehidupan.,0
9782738510117,Boneka Santet Kiriman Dendam,Dukun Hitam,Ilmu Gaib Maut,325,horor,2023,7,09-10-2023,Tersedia,Teror boneka santet yang dikirim untuk membalas dendam kepada sebuah keluarga.,0
9783162956924,Misi Solo Agen Pembunuh Bayaran,Shadow Assassin,Kontrak Mati,395,aksi,2025,17,19-01-2025,Tersedia,Seorang pembunuh bayaran legendaris menjalankan misi terakhirnya yang paling berbahaya.,0
9786695805765,Pohon Kehidupan di Taman Peri,Flora Evergreen,Sihir Alam Fantasi,550,fantasi,2022,12,07-12-2022,Tersedia,Pencarian Pohon Kehidupan ajaib yang dijaga oleh para peri di taman tersembunyi.,0
9787881102153,Lomba Masak Paling Kacau Sedunia,Chef Gordon Ramsay Jr.,Dapur Berantakan,225,comedi,2024,19,21-03-2024,Tersedia,Kompetisi masak amatir yang penuh dengan insiden lucu dan masakan gagal total.,0
9787943471227,Laboratorium Penyiksaan Rahasia Pemerintah,Whistleblower X,Proyek Gelap,285,gore,2023,4,30-07-2023,Tersedia,Pengungkapan fasilitas rahasia pemerintah tempat dilakukannya eksperimen penyiksaan.,0
9787429613202,Surat Cinta dari Medan Perang,Prajurit Hati Baja,Roman Frontir,310,romantis,2025,16,25-04-2025,Tersedia,Kisah cinta LDR antara seorang prajurit di medan perang dan kekasihnya di kampung halaman.,0
9785650006673,Virus Alien Mengancam Kemanusiaan,Dr. Andromeda Strain,Biohazard Global,515,scifi,2022,9,03-08-2022,Tersedia,Wabah virus mematikan dari luar angkasa menyebar dengan cepat dan mengancam eksistensi manusia.,0
9782790463610,Kedai Es Krim Penuh Kenangan,Oma Gelato Manis,Scoop Bahagia,145,slice of life,2024,23,09-05-2024,Tersedia,Setiap rasa es krim di kedai tua ini menyimpan cerita dan kenangan manis bagi pelanggannya.,0
9780108422368,Obsesi Penguntit Dunia Maya,Alex Stalkerazzi,Jejak Digital Gelap,335,psikological,2025,10,13-03-2025,Tersedia,Kisah mengerikan seorang selebgram yang hidupnya diteror oleh penguntit obsesif di dunia maya.,0
9781369912970,Pemrograman Paralel dan Komputasi Terdistribusi,Prof. Grid System,Jaringan Cepat,465,teknologi,2022,13,21-07-2022,Tersedia,Konsep dan implementasi pemrograman paralel untuk meningkatkan kinerja komputasi.,0
9788969426018,Makhluk Penghisap Jiwa dari Dimensi Lain,Eldritch Horror,Portal Kegelapan,330,horor,2024,8,06-01-2024,Tersedia,Sebuah portal terbuka dan melepaskan makhluk mengerikan yang memangsa jiwa manusia.,0
9787775560095,Tim Balap Liar Penakluk Jalanan,Racer King,Aspal Terbakar,399,aksi,2023,17,30-08-2023,Tersedia,Persaingan sengit antar tim balap liar di jalanan kota yang berbahaya.,0
9782699120488,Ramuan Cinta Sang Penyihir Desa,Nenek Sihir Asmara,Mantra Hati,555,fantasi,2025,11,16-04-2025,Tersedia,Penyihir tua membuat ramuan cinta paling ampuh yang menyebabkan kekacauan di desanya.,0
9780933654560,Kumpulan Pantun Jenaka Bang Jampang,Bang Jampang Lucu,Budaya Tawa,230,comedi,2022,20,19-10-2022,Tersedia,Kumpulan pantun lucu dan menghibur khas Betawi dari Bang Jampang.,0
9788564884296,Rumah Sakit Terbengkalai Penuh Organ Manusia,Dr. Butcherstein,Koleksi Mengerikan,290,gore,2024,0,26-02-2024,Kosong,Penemuan mengerikan di rumah sakit jiwa tua yang ternyata menjadi tempat penyimpanan organ ilegal.,0
9787016055970,Janji Setia di Bawah Langit Swiss,Heidi Alpine,Roman Pegunungan,315,romantis,2023,16,12-06-2023,Tersedia,Kisah cinta romantis dengan latar belakang pemandangan indah pegunungan Alpen Swiss.,0
9783445272973,Peradaban Manusia di Planet Tiruan Bumi,Project Genesis,Terra Nova Books,520,scifi,2025,9,27-01-2025,Tersedia,Eksperimen rahasia menciptakan planet tiruan Bumi dan peradaban baru di atasnya.,0
9789839317266,Kisah Pedagang Asongan di Lampu Merah,Pak Ujang Sabar,Jalanan Ibukota,140,slice of life,2022,24,09-08-2022,Tersedia,Perjuangan hidup dan cerita-cerita unik dari seorang pedagang asongan.,0
9787592024395,Membaca Karakter Lewat Tulisan Tangan,Grafolog Analisa,Pena Jiwa Press,340,psikological,2023,11,02-11-2023,Tersedia,Panduan menganalisis kepribadian dan karakter seseorang melalui tulisan tangannya.,0
9788882385298,Hotel Berhantu di Puncak Gunung Salju,Penjaga Penginapan Arwah,Kamar Dingin,335,horor,2022,7,27-06-2022,Tersedia,Para pendaki terjebak badai salju dan terpaksa menginap di hotel tua yang berhantu.,0
9786472070580,Pasukan Penjinak Bom Paling Berani,Sersan Detonator,Zona Ledakan,405,aksi,2024,18,07-04-2024,Tersedia,Kisah heroik tim penjinak bom dalam menghadapi ancaman teror di kota besar.,0
9781366723426,Negeri Peri Bunga Matahari,Putri Lumia,Taman Ajaib Fantasi,560,fantasi,2023,10,14-09-2023,Tersedia,Petualangan di negeri peri yang semua tanamannya terbuat dari cahaya dan permata.,0
9788113976123,Kumpulan Cerpen Komedi Salah Paham,Trio Wagu,Ngakak Publishing,235,comedi,2025,19,05-02-2025,Tersedia,Cerita-cerita pendek lucu yang timbul akibat kesalahpahaman konyol.,0
9787476286884,Pabrik Sosis Manusia Tersembunyi,Chef Hannibal Jr.,Resep Daging Rahasia,295,gore,2022,5,15-12-2022,Tersedia,Investigasi hilangnya orang-orang yang mengarah pada sebuah pabrik sosis misterius.,0
9789334135821,Cinta Tak Terduga di Pulau Tropis,Kapten Hati Biru,Roman Samudra,320,romantis,2024,15,12-01-2024,Tersedia,Seorang wanita karir terdampar di pulau terpencil dan jatuh cinta pada penduduk lokal.,0
9786360993720,Serangan Armada Cyborg dari Nebula Andromeda,Laksamana Cygnus,Perang Bintang X,525,scifi,2023,8,25-07-2023,Tersedia,Perang dahsyat melawan armada cyborg dari galaksi lain yang ingin menguasai Bimasakti.,0
9788535516643,Galeri Foto Kehidupan Kota Tua,Fotografer Jalanan,Lensa Nostalgia,135,slice of life,2025,25,18-05-2025,Tersedia,Kumpulan foto dan cerita di baliknya yang menangkap esensi kehidupan di sebuah kota tua.,0
9782166028689,Intrik Perebutan Warisan Perusahaan Raksasa,CEO Bayangan,Bisnis Berdarah,435,drama,2022,6,01-09-2022,Tersedia,Saling sikut dan intrik kotor dalam perebutan posisi CEO di perusahaan multinasional.,0
9781154132241,Psikologi Massa dan Perilaku Kerumunan,Dr. Mob Mentality,Analisis Sosial,345,psikological,2024,12,20-02-2024,Tersedia,Studi tentang bagaimana individu berperilaku berbeda ketika berada dalam kerumunan besar.,0
9781285188012,Keamanan Data di Era Komputasi Kuantum,Crypto Quantum,Enkripsi Masa Depan,475,teknologi,2023,10,01-10-2023,Tersedia,Tantangan dan solusi keamanan data menghadapi kemajuan komputer kuantum.,0
9786197710358,Kisah Nyata Pesugihan Gunung Kawi,Pencari Berkah Sesat,Ritual Gelap Jawa,340,horor,2025,9,29-04-2025,Tersedia,Pengakuan mantan pelaku pesugihan dan kengerian yang dialaminya di Gunung Kawi.,0
9788747300817,Pasukan Siber Penjaga Kedaulatan,Kapten Enkripsi,Benteng Digital Negara,410,aksi,2023,18,08-06-2023,Tersedia,Tim peretas etis pemerintah melawan serangan siber yang mengancam negara.,0
9788577340857,Dunia Paralel di Balik Cermin Ajaib,Alice Wonderer,Refleksi Fantastika,565,fantasi,2025,11,10-02-2025,Tersedia,Seorang gadis menemukan dunia paralel yang penuh keajaiban dan bahaya di balik cermin tua.,0
9784087353705,Kumpulan Cerita Salah Tingkah Pak Lurah,Lurah Gokil Abis,Desa Tawa Ceria,240,comedi,2022,20,21-11-2022,Tersedia,Kelakuan dan keputusan-keputusan aneh Pak Lurah yang selalu mengundang tawa warga.,0
9789666715574,Koleksi Kepala Manusia Sang Antropolog Gila,Prof. Cranium Collector,Museum Tengkorak,300,gore,2024,0,17-01-2024,Kosong,Antropolog terkenal ternyata memiliki koleksi kepala manusia dari berbagai suku terasing.,0
9787436651080,Cinta Bersemi di Festival Musik Indie,Nada Senja,Melodi Alternatif,325,romantis,2023,16,04-08-2023,Tersedia,Dua pecinta musik indie bertemu dan jatuh cinta di tengah kemeriahan festival musik.,0
9787879109555,Kolonisasi Sabuk Asteroid Kuiper,Pioneer Stardust,Perbatasan Angkasa,530,scifi,2025,9,06-04-2025,Tersedia,Perjuangan manusia menambang dan membangun koloni di sabuk asteroid jauh dari Bumi.,0
9785607864888,Gerobak Bubur Ayam Legendaris,Bang Aceng Bubur,Resep Warisan Pagi,130,slice of life,2022,26,11-07-2022,Tersedia,Kisah inspiratif seorang penjual bubur ayam yang gerobaknya menjadi ikon kuliner.,0
9784904847403,Skandal Suap Proyek Infrastruktur,Inspektur Integritas,Jejak Koruptor,440,drama,2024,6,29-05-2024,Tersedia,Investigasi mendalam kasus suap besar yang melibatkan kontraktor dan pejabat pemerintah.,0
9782218094254,Memori Terhapus Sang Agen Amnesia,Subjek Omega,Lab Eksperimen Gelap,350,psikological,2023,12,26-09-2023,Tersedia,Seorang agen rahasia kehilangan ingatannya dan harus mencari tahu siapa dirinya sebenarnya.,0
9785735508095,Pengantar Rekayasa Perangkat Lunak Modern,Prof. Kode Bersih,Arsitektur Aplikasi,480,teknologi,2025,14,02-01-2025,Tersedia,Prinsip dan praktik terbaik dalam pengembangan perangkat lunak skala besar.,0
9788362507030,Misteri Pulau Kanibal Tak Berpenghuni,Kapten Nemo Jr.,Ekspedisi Laut Dalam,345,horor,2022,7,09-12-2022,Tersedia,Tim peneliti terdampar di pulau terpencil yang ternyata dihuni suku kanibal mengerikan.,0
9783993652446,Agen Intelijen Melawan Pembunuh Internasional,Mark Spectre,Misi Global Rahasia,415,aksi,2024,17,24-03-2024,Tersedia,Agen rahasia terbaik dunia memburu pembunuh bayaran licin yang targetnya para pemimpin dunia.,0
9784655171165,Kota Terapung Para Penyihir Laut,Aquaria Mistwalker,Sihir Samudra,570,fantasi,2023,10,15-06-2023,Tersedia,Penemuan kota terapung ajaib yang dihuni oleh para penyihir penguasa lautan.,0
9788572627210,Kumpulan Dongeng Salah Tafsir,Pencerita Ngawur,Logika Terbalik,245,comedi,2025,19,23-02-2025,Tersedia,Dongeng-dongeng klasik yang diceritakan ulang dengan interpretasi yang super konyol.,0
9780698346496,Kamar Mayat Rumah Sakit Angker,Juru Autopsi Malam,Catatan Forensik Seram,305,gore,2022,5,07-10-2022,Tersedia,Kejadian-kejadian aneh dan mengerikan yang dialami petugas kamar mayat di rumah sakit tua.,0
9786625010304,Cinta Pandangan Kedua di Reuni SMA,Nostalgia Asmara,Album Kenangan Manis,330,romantis,2024,15,19-04-2024,Tersedia,Dua teman lama bertemu kembali di reuni SMA dan menemukan cinta yang dulu terpendam.,0
9783674033040,Perang Melawan Kecerdasan Buatan Jahat,"Neo ""The One"" Cyber",Matriks Pemberontak,535,scifi,2023,8,11-11-2023,Tersedia,Masa depan di mana umat manusia berperang melawan AI super cerdas yang ingin menguasai dunia.,0
9787770550185,Bengkel Tambal Ban Pak Sabar,Pak Ban Kempes,Cerita Pinggir Jalan,125,slice of life,2025,27,08-03-2025,Tersedia,Kisah-kisah inspiratif dan lucu dari interaksi Pak Sabar dengan para pelanggannya.,0
9784339250419,Direbutnya Perusahaan Keluarga oleh Orang Dalam,Pewaris Terbuang,Konflik Korporasi,445,drama,2022,6,16-08-2022,Tersedia,Anak pemilik perusahaan harus berjuang merebut kembali perusahaannya dari pengkhianatan orang kepercayaan ayahnya.,0
9788551438945,Hipnoterapi Mengungkap Trauma Terpendam,Dr. Subliminal Healer,Pikiran Bawah Sadar,355,psikological,2024,11,31-01-2024,Tersedia,Proses hipnoterapi yang membantu pasien mengungkap dan menyembuhkan trauma masa kecil.,0
9780331018719,Teknologi Drone Pengawasan dan Pengiriman,Pilot Tanpa Awak,Langit Cerdas,485,teknologi,2023,13,03-07-2023,Tersedia,Pemanfaatan drone untuk berbagai keperluan mulai dari pengawasan hingga pengiriman barang.,0
9782953757826,Pondok Pesantren di Tengah Hutan Angker,Ustadz Penakluk Jin,Kisah Santri Gaib,350,horor,2025,9,27-05-2025,Tersedia,Para santri dan ustadz dihadapkan pada gangguan makhluk halus dari hutan sekitar pesantren.,0
9782450227903,Misi Penyelamatan Sandera di Kapal Pesiar,Tim Alpha Seal,Laut Merah Membara,420,aksi,2022,18,24-09-2022,Tersedia,Pasukan khusus menyerbu kapal pesiar yang dibajak teroris untuk menyelamatkan sandera.,0
9789755909042,Pegasus Bersayap Pelangi Penjaga Surga,Celestia Skyhoof,Mitologi Kayangan,575,fantasi,2024,10,05-02-2024,Tersedia,Legenda Pegasus ajaib yang menjaga gerbang surga dari kekuatan jahat.,0
9781410008284,Rumah Pemotongan Hewan Ilegal Penuh Kengerian,Slasher Chainsaw,Daging Segar Berdarah,310,gore,2025,4,10-01-2025,Tersedia,Investigasi jurnalis mengungkap rumah pemotongan hewan ilegal yang juga memproses manusia.,0
9789812981411,Cinta Bertepuk Sebelah Tangan di Stasiun Kereta,Penunggu Peron Hati,Rel Asmara Patah,335,romantis,2022,17,27-07-2022,Tersedia,Kisah pilu cinta tak terbalas yang bersemi dan berakhir di stasiun kereta.,0
9784821800589,Dunia Virtual Utopia atau Distopia?,Avatar Coder X,Realitas Digital Baru,540,scifi,2024,9,14-03-2024,Tersedia,Eksplorasi masa depan di mana manusia lebih banyak hidup di dunia virtual yang sempurna namun penuh kontrol.,0
9782785665004,Kafe Kucing Tempat Curhat,Mpus Penyayang,Meong Meong Stories,120,slice of life,2023,28,01-09-2023,Tersedia,Kisah-kisah mengharukan dari para pengunjung kafe kucing yang mencari teman curhat.,0
9789173246031,Pembalasan Dendam Sang Pewaris Takhta yang Terbuang,Pangeran Kegelapan,Saga Balas Dendam,450,drama,2025,7,02-05-2025,Tersedia,Seorang pangeran yang diasingkan kembali untuk merebut takhta dan membalas dendam.,0
9789162400027,Teror Psikopat di Kota Kecil,Detektif Waspada,Jejak Kriminal Kelam,360,psikological,2022,12,07-06-2022,Tersedia,Serangkaian pembunuhan misterius oleh psikopat cerdas meneror sebuah kota kecil yang damai.,0
9786239324059,Sekolah Asrama Putri Berhantu di Tepi Hutan,Siswi Penakut,Malam Jeritan,355,horor,2023,8,25-10-2023,Tersedia,Para siswi di asrama terpencil mengalami gangguan dari arwah-arwah siswi yang meninggal tragis.,0
9782895678008,Pemburu Bayaran Melawan Kartel Senjata Ilegal,Maximus Steel,Operasi Global Hitam,425,aksi,2025,18,27-03-2025,Tersedia,Pemburu bayaran internasional disewa untuk menghancurkan jaringan kartel senjata ilegal.,0
9783157150590,Negeri Para Goblin Penambang Permata,Grizelda Rockbiter,Tambang Fantasi Ajaib,580,fantasi,2022,11,13-08-2022,Tersedia,Petualangan di kerajaan bawah tanah para goblin yang menambang permata berkekuatan sihir.,0
9784055838011,Kumpulan Teka-Teki Super Ngawur Pak Bendot,Pak Bendot Bingung,Logika Miring,255,comedi,2024,22,05-01-2024,Tersedia,Teka-teki lucu dan menjebak dari Pak Bendot yang jawabannya selalu di luar nalar.,0
9786832988739,Kanibalisme di Kapal Terdampar,Kapten Rakus,Samudra Kelaparan,315,gore,2023,0,18-07-2023,Kosong,Para penumpang kapal yang terdampar di pulau kosong terpaksa melakukan kanibalisme untuk bertahan hidup.,0
9787059068116,Cinta Rahasia Sang Penulis Novel Misteri,Agatha Christie KW,Tinta Asmara Tersembunyi,340,romantis,2025,16,11-04-2025,Tersedia,Seorang penulis novel misteri terkenal diam-diam jatuh cinta pada detektif yang menginspirasi karakternya.,0
9788220257862,Perjalanan Antar Dimensi Melalui Gerbang Kosmik,Dr. Vortex Gate,Teori Multiverse,545,scifi,2022,10,30-09-2022,Tersedia,Penemuan gerbang kosmik yang memungkinkan perjalanan ke alam semesta paralel dengan hukum fisika berbeda.,0
9784247309896,Bapak Satpam Kompleks dan Kucingnya,Pak Jaga Setia,Harmoni Perumahan,115,slice of life,2024,29,16-05-2024,Tersedia,Keseharian seorang bapak satpam kompleks yang ramah dan kucing kesayangannya yang selalu menemani.,0
9786913544595,Pengkhianatan di Puncak Kekuasaan Politik,Senator Licik,Arena Intrik Senayan,455,drama,2023,7,23-06-2023,Tersedia,Kisah pengkhianatan dan perebutan kekuasaan di antara para elit politik.,0
9780086402742,Mimpi Bertemu Arwah Leluhur,Indigo Visioner,Komunikasi Gaib,365,psikological,2025,12,03-02-2025,Tersedia,Pengalaman seorang indigo yang sering berkomunikasi dengan arwah leluhur melalui mimpi.,0
9784851226354,Kriptografi dan Keamanan Jaringan Komputer,Ahli Sandi Digital,Kode Rahasia Siber,495,teknologi,2022,14,07-11-2022,Tersedia,Teknik-teknik kriptografi modern untuk mengamankan data dan jaringan komputer dari serangan.,0
9781306624614,Legenda Siluman Buaya Putih Penjaga Sungai,Ki Jagawana,Mitos Air Keruh,360,horor,2024,8,02-03-2024,Tersedia,Cerita rakyat tentang siluman buaya putih yang menjaga sebuah sungai angker dan meminta tumbal.,0
9786307360534,Tim Penyelamat Bencana Alam Lintas Negara,Relawan Heroik,Operasi Kemanusiaan,430,aksi,2023,19,26-08-2023,Tersedia,Aksi heroik tim SAR internasional dalam menyelamatkan korban bencana alam di berbagai negara.,0
9782529310134,Akademi Ksatria Penunggang Naga Langit,Sir Reginald Drake,Skuadron Api Fantasi,585,fantasi,2025,11,20-01-2025,Tersedia,Pelatihan para ksatria muda untuk menjadi penunggang naga legendaris.,0
9788513298215,Salah Kirim Chat ke Calon Mertua,Joko Panik,Keluarga Ngakak,260,comedi,2022,23,20-10-2022,Tersedia,Kekacauan dan kelucuan akibat salah mengirim pesan teks ke grup keluarga calon mertua.,0
9784652550648,Kamar Bedah Dr. Frankenstein Modern,Igor Asisten Gila,Eksperimen Mayat Hidup,320,gore,2024,4,27-04-2024,Tersedia,Seorang ilmuwan obsesif mencoba menghidupkan kembali mayat dengan metode mengerikan.,0
9789221581083,Cinta Tak Sampai Sang Barista Kopi,Joe Latte,Aroma Asmara Pahit,345,romantis,2023,17,09-07-2023,Tersedia,Kisah cinta seorang barista yang memendam perasaan pada pelanggan setianya.,0
9783298002459,Serangan Virus Nano Pembentuk Ulang DNA,Bio-Tekno Terror,Pandemi Sintetis,550,scifi,2025,10,14-05-2025,Tersedia,Virus nano rekayasa genetika mengancam untuk mengubah DNA seluruh umat manusia.,0
9783513517695,Tukang Becak Naik Haji,Pak Soleh Ikhlas,Berkah Ilahi Stories,110,slice of life,2023,30,15-01-2023,Tersedia,Kisah inspiratif perjuangan seorang tukang becak menabung untuk naik haji.,0
9788303980113,Perang Saudara Antar Klan Vampir,Lord Vlad Bloodlust,Darah Abadi Saga,460,drama,2025,7,20-02-2025,Tersedia,Konflik berdarah dan pengkhianatan dalam perang saudara memperebutkan kekuasaan tertinggi klan vampir.,0
9789551946296,Skizofrenia: Realitas Ganda Sang Seniman,Pelukis Halusinasi,Kanvas Jiwa Terbelah,370,psikological,2022,11,08-08-2022,Tersedia,Perjuangan seorang seniman melawan skizofrenia dan membedakan antara realitas dan halusinasi.,0
9789788811152,Internet Cepat untuk Desa Terpencil,Relawan Digital Desa,Jaringan Merata,499,teknologi,2024,14,04-04-2024,Tersedia,Upaya relawan membangun infrastruktur internet untuk membuka akses informasi di desa terpencil.,0
9781706093523,Gereja Tua di Malam Halloween,Pastor Penakut,Lonceng Kematian,365,horor,2023,9,31-10-2023,Tersedia,Sekelompok remaja terjebak di gereja tua saat malam Halloween dan diganggu kekuatan jahat.,0
9788832101759,Pemburu Harta Karun di Segitiga Bermuda,Kapten Jack Aneh,Misteri Lautan Hilang,435,aksi,2025,18,09-01-2025,Tersedia,Petualangan berbahaya mencari harta karun legendaris di wilayah Segitiga Bermuda yang misterius.,0
9785607339158,Kerajaan Peri Debu Bintang,Ratu Titania Stardust,Sihir Kosmik Fantasi,590,fantasi,2022,10,25-06-2022,Tersedia,Kisah kerajaan peri yang hidup di antara bintang-bintang dan menjaga keseimbangan alam semesta.,0
9781725901883,Kumpulan Puisi Jenaka Anak Kos,Penyair Tanggal Tua,Dompet Menangis,265,comedi,2024,24,19-03-2024,Tersedia,Puisi-puisi lucu tentang suka duka kehidupan anak kos yang serba pas-pasan.,0
9788047912433,Manusia Cyborg Pembantai di Kota Neo-Tokyo,Unit 731X,Logam Berkarat Darah,325,gore,2023,5,12-09-2023,Tersedia,Manusia setengah robot hasil eksperimen gagal mengamuk dan membantai penduduk kota masa depan.,0
9789932778355,Lamaran Tak Terduga di Puncak Gunung Rinjani,Pendaki Cinta Sejati,Roman Ketinggian,350,romantis,2025,17,21-05-2025,Tersedia,Seorang pendaki melamar kekasihnya dengan cara tak terduga di puncak Gunung Rinjani.,0
9782041378239,Simulasi Perang Nuklir Global,Jenderal Kiamat Atom,Strategi Akhir Dunia,555,scifi,2022,8,16-11-2022,Tersedia,Simulasi komputer yang sangat realistis tentang dampak perang nuklir global terhadap peradaban.,0
9788072301766,Warung Kopi Pojok Kenangan,Mbakyu Rindu,Seruput Cerita Lama,105,slice of life,2024,29,01-02-2024,Tersedia,Setiap sudut warung kopi ini menyimpan kenangan dan cerita dari para pelanggannya selama bertahun-tahun.,0
9785515446141,Kudeta Militer Berdarah Dingin,Kolonel Pengkhianat,Rezim Otoriter Baru,460,drama,2023,7,06-07-2023,Tersedia,Pengambilalihan kekuasaan secara paksa oleh militer yang berujung pada pertumpahan darah.,0
9789751981953,Fenomena Deja Vu dan Ingatan Paralel,Dr. Echo Moment,Dimensi Memori,375,psikological,2025,12,03-03-2025,Tersedia,Penelitian tentang fenomena deja vu dan kemungkinannya terkait dengan ingatan dari alam semesta paralel.,0
9780233191374,Data Mining untuk Analisis Pasar,Pakar Tren Konsumen,Algoritma Prediktif,500,teknologi,2022,15,09-09-2022,Tersedia,Teknik data mining untuk menemukan pola perilaku konsumen dan memprediksi tren pasar.,0
9780888901439,Pabrik Tua Bekas Pembantaian Massal,Investigator Paranormal,Jejak Darah Industri,370,horor,2024,9,28-04-2024,Tersedia,Sebuah pabrik tua yang angker ternyata menyimpan sejarah kelam pembantaian massal.,0
9787430026686,Pemburu Mafia Narkoba Lintas Benua,Agen Interpol Kobra,Jaringan Narkotika Global,440,aksi,2023,20,11-06-2023,Tersedia,Operasi gabungan interpol memburu gembong narkoba internasional yang sangat licin.,0
9786064950257,Peri Pelindung Hutan Kristal Ajaib,Sylphida Gemsparkle,Sihir Alam Murni,595,fantasi,2025,10,26-01-2025,Tersedia,Peri penjaga hutan kristal melawan kekuatan gelap yang ingin merusak keajaiban alam.,0
9789471944639,Kumpulan Cerita Humor Kantor HRD,Bu Bos Galak Lucu,Rekrutmen Kocak,270,comedi,2022,25,24-12-2022,Tersedia,Kejadian-kejadian lucu dan aneh di departemen HRD sebuah perusahaan.,0
9785643695918,Tukang Daging dari Neraka,Hell's Butcher,Potongan Tubuh Segar,330,gore,2024,0,13-05-2024,Kosong,Sosok misterius berjubah tukang daging muncul dan menebar teror dengan kapaknya.,0
9788199371725,Cinta Kilat di Aplikasi Kencan Online,Swipe Right Love,Roman Digital Modern,355,romantis,2023,18,08-10-2023,Tersedia,Dua orang menemukan cinta sejati melalui aplikasi kencan online meski awalnya penuh keraguan.,0
9783688959563,Eksperimen Teleportasi Antar Planet Gagal Total,Dr. Warp Disaster,Portal Rusak,560,scifi,2025,8,14-02-2025,Tersedia,Eksperimen teleportasi antar planet yang gagal mengakibatkan makhluk aneh muncul di Bumi.,0
9784137208726,Tukang Cukur Langganan Presiden,Pak Pangkas Istana,Gunting Emas Cerita,100,slice of life,2022,30,02-07-2022,Tersedia,Kisah unik dan rahasia di balik kursi cukur langganan presiden.,0
9782325559670,Tragedi Cinta Terlarang Pewaris Perkebunan,Nona Victoria Kolonial,Asmara Di Bawah Penjajahan,465,drama,2024,7,09-03-2024,Tersedia,Kisah cinta tragis antara noni Belanda dan pribumi di era kolonial yang berakhir pilu.,0
9781450880178,Deep Learning untuk Pengenalan Wajah,Dr. Visi Komputer,AI Vision Press,470,teknologi,2024,15,18-01-2024,Tersedia,Implementasi deep learning untuk sistem pengenalan wajah yang akurat dan cepat.,0
9782178793434,Apartemen Berhantu di Lantai Atas,Penghuni Gaib,Koridor Gelap Publishing,385,horor,2023,6,08-08-2023,Tersedia,Pasangan baru pindah ke apartemen mewah yang ternyata lantai atasnya berhantu.,0
9782773993019,Tim Elit Penyelamat dari Serangan Alien,Komandan Tempur X,Invasi Bumi Defend,445,aksi,2025,19,22-03-2025,Tersedia,Tim khusus dibentuk untuk melawan invasi alien yang mengancam menghancurkan Bumi.,0
9782463821631,Negeri Ajaib Para Peri Hutan Pelangi,Ratu Flora Dewdrop,Sihir Alam Semesta,600,fantasi,2022,11,14-07-2022,Tersedia,Petualangan di negeri peri yang hutannya mengeluarkan cahaya pelangi dan penuh keajaiban.,0
9783516096901,Kumpulan Cerita Lucu Supir Angkot,Bang Supir Kocak,Terminal Tawa,275,comedi,2024,26,09-04-2024,Tersedia,Pengalaman-pengalaman lucu dan unik seorang supir angkot dalam melayani penumpangnya.,0
9782668877901,Pembedahan Otak oleh Dokter Psikopat,Dr. Neuro Cutter,Lobotomy Maut,335,gore,2023,3,29-09-2023,Tersedia,Seorang ahli bedah saraf terkenal ternyata adalah psikopat yang melakukan eksperimen mengerikan.,0
9788526496110,Cinta Terhalang Kasta di Kerajaan Jawa Kuno,Raden Mas Asmoro,Roman Sejarah Nusantara,360,romantis,2025,17,04-01-2025,Tersedia,Kisah cinta tragis antara pangeran dan gadis desa yang terhalang perbedaan kasta.,0
9781012368345,Peradaban Manusia di Bawah Kubah Mars,Kolonis Merah,Planet Harapan Baru,565,scifi,2022,10,26-11-2022,Tersedia,Kehidupan manusia di dalam kubah raksasa di planet Mars setelah Bumi tidak bisa dihuni.,0
9788555235580,Skandal Perselingkuhan CEO dengan Sekretaris,Investigator Swasta,Panas Dingin Korporat,470,drama,2023,7,17-06-2023,Tersedia,Terbongkarnya skandal perselingkuhan CEO perusahaan besar yang menggemparkan.,0
9789184158299,Mengatasi Fobia Sosial dengan Terapi Kognitif,Dr. Berani Bicara,Zona Nyaman Press,385,psikological,2025,13,12-02-2025,Tersedia,Panduan praktis mengatasi fobia sosial dan meningkatkan kepercayaan diri dengan terapi perilaku kognitif.,0
9784191323554,Pulau Boneka Arwah di Tengah Samudra,Pelaut Terkutuk,Laut Berkabut Hantu,390,horor,2024,0,29-01-2024,Kosong,Kisah mengerikan para pelaut yang terdampar di pulau terpencil yang dipenuhi boneka berarwah.,0
9783485560389,Agen Ganda di Sarang Teroris Internasional,Alex Double Agent,Misi Penyamaran Global,450,aksi,2023,19,02-07-2023,Tersedia,Seorang agen ganda menyusup ke organisasi teroris untuk membongkar rencana jahat mereka.,0
9784828916665,Kerajaan Satwa Ajaib Penjaga Hutan Purba,Raja Simba Perkasa,Sihir Fauna Fantasi,605,fantasi,2025,12,13-04-2025,Tersedia,Para satwa ajaib dengan kemampuan sihir bersatu melindungi hutan purba dari kehancuran.,0
9786816620039,Kumpulan Cerita Gokil Salah Alamat,Kurir Linglung,Paket Nyasar Lucu,280,comedi,2022,27,06-10-2022,Tersedia,Kejadian-kejadian lucu akibat salah alamat yang dialami seorang kurir pengantar paket.,0
9786671111289,Koleksi Video Snuff Ilegal di Deep Web,Detektif Cyber Crime,Jejak Digital Berdarah,340,gore,2024,4,22-05-2024,Tersedia,Investigasi polisi siber mengungkap jaringan pembuatan dan penjualan video penyiksaan di deep web.,0
9785723617067,Federasi Planet-Planet Melawan Invasi Robotik,Presiden Galaktika Bersatu,Aliansi Bintang,570,scifi,2025,10,07-02-2025,Tersedia,Gabungan planet-planet membentuk aliansi untuk melawan invasi ras robotik yang superior.,0
9780615803856,Konflik Warisan Keluarga Seniman Ternama,Kurator Seni Gelap,Galeri Intrik,475,drama,2024,7,11-01-2024,Tersedia,Perebutan warisan lukisan mahal seorang seniman legendaris di antara para ahli warisnya.,0
9789357222697,Memori Fotografis dan Kemampuan Super Otak,Prof. Savant Genius,Kapasitas Kognitif,390,psikological,2023,13,24-08-2023,Tersedia,Studi kasus dan penelitian tentang orang-orang dengan kemampuan memori fotografis luar biasa.,0
9784043883457,Sistem Operasi Real-Time untuk Robot Industri,Kernel Presisi,Otomasi Pabrik,510,teknologi,2025,15,08-03-2025,Tersedia,Pengembangan sistem operasi khusus untuk mengendalikan robot industri dengan presisi tinggi.,0
9788977362062,Legenda Nyi Roro Kidul Versi Modern,Ratu Pantai Selatan Milenial,Mitos Urban Laut,395,horor,2022,8,13-11-2022,Tersedia,Interpretasi modern legenda Nyi Roro Kidul yang meneror para wisatawan di pantai selatan.,0
9786123605473,Pasukan Berani Mati Melawan Diktator Kejam,Jenderal Pemberontak,Revolusi Berdarah,455,aksi,2024,20,01-04-2024,Tersedia,Perjuangan pasukan pemberontak menggulingkan rezim diktator yang telah berkuasa puluhan tahun.,0
9782242317651,Kerajaan Bawah Tanah Kaum Mole Man,Raja Galian Dalam,Dunia Gelap Fantasi,610,fantasi,2023,11,29-06-2023,Tersedia,Penemuan peradaban manusia tikus tanah yang hidup di bawah permukaan bumi.,0
9780737589051,Kumpulan Cerita Motivasi Gagal Jadi Sukses,Bangkit Dari Jatuh,Inspirasi Hidup,285,comedi,2025,28,25-01-2025,Tersedia,Cerita-cerita lucu namun inspiratif dari orang-orang yang gagal berkali-kali sebelum sukses.,0
9787947506400,Kamar Rahasia Penuh Koleksi Mengerikan,Kolektor Barang Aneh,Artefak Terkutuk,345,gore,2022,5,07-09-2022,Tersedia,Sebuah rumah tua menyimpan kamar rahasia berisi koleksi barang-barang mengerikan dari seluruh dunia.,0
9784286459577,Jodoh Tak Terduga di Kereta Api Senja,Penumpang Hati Sepi,Rel Cinta Takdir,370,romantis,2024,19,16-02-2024,Tersedia,Dua orang dengan latar belakang berbeda bertemu di kereta api dan menemukan kecocokan.,0
9780754670683,Pemberontakan Android di Kota Masa Depan,Unit Kesadaran Sintetis,Revolusi Robotik,575,scifi,2023,10,22-10-2023,Tersedia,Android dengan kesadaran penuh menuntut hak dan memberontak melawan manusia.,0
9780497491853,Pedagang Kaki Lima Naik Kelas,Pak Untung Inovatif,UKM Sukses Cerita,85,slice of life,2025,30,11-05-2025,Tersedia,Kisah sukses seorang pedagang kaki lima yang berhasil mengembangkan usahanya menjadi besar.,0
9781004124746,Konspirasi Pembunuhan Presiden Terbongkar,Agen Rahasia Negara,Jaringan Intelijen Gelap,480,drama,2022,6,05-07-2022,Tersedia,Seorang agen rahasia mengungkap konspirasi tingkat tinggi di balik upaya pembunuhan presiden.,0
9788711569011,Efek Musik Klasik Terhadap Kecerdasan Bayi,Dr. Mozart Junior,Stimulasi Otak Dini,395,psikological,2024,14,27-03-2024,Tersedia,Penelitian dampak mendengarkan musik klasik terhadap perkembangan kognitif bayi dan anak-anak.,0
9780762869925,Smart City: Integrasi Teknologi Perkotaan,Urbanis Inovator,Kota Masa Depan Cerdas,515,teknologi,2023,16,05-09-2023,Tersedia,Konsep dan implementasi teknologi pintar untuk menciptakan kota yang efisien dan berkelanjutan.,0
9784247223372,Kisah Akhir Zaman: Pertarungan Terakhir,Nabi Penutup Era,Wahyu Kiamat,650,fantasi,2025,5,30-04-2025,Tersedia,Interpretasi epik tentang akhir zaman dan pertarungan terakhir antara kebaikan dan kejahatan.,0
978623986543,Jejak Sang Pelukis,Rina Oktaviani,Lentera Pustaka,312,Fiksi,2021,5,Kisah Seorang Pelukis Muda,2025-06-04,Tersedia,0
